INSERT INTO O_OBJ VALUES ( "00000000-0000-0000-0000-000000000017",'Controller',1,'Controller','',"00000000-0000-0000-0000-000000000000" );
INSERT INTO O_ATTR VALUES ( "00000000-0000-0000-0000-00000000003e","00000000-0000-0000-0000-000000000017","00000000-0000-0000-0000-000000000000",'current_state','','','current_state',0,"00000000-0000-0000-0000-00000000003f",'','' );
INSERT INTO O_ID VALUES ( 0,"00000000-0000-0000-0000-000000000017" );
INSERT INTO O_ID VALUES ( 1,"00000000-0000-0000-0000-000000000017" );
INSERT INTO O_ID VALUES ( 2,"00000000-0000-0000-0000-000000000017" );
INSERT INTO O_BATTR VALUES ( "00000000-0000-0000-0000-00000000003e","00000000-0000-0000-0000-000000000017" );
INSERT INTO O_NBATTR VALUES ( "00000000-0000-0000-0000-00000000003e","00000000-0000-0000-0000-000000000017" );
INSERT INTO S_CDT VALUES ( "00000000-0000-0000-0000-000000000006",0 );
INSERT INTO S_CDT VALUES ( "00000000-0000-0000-0000-000000000065",1 );
INSERT INTO S_CDT VALUES ( "00000000-0000-0000-0000-000000000008",2 );
INSERT INTO S_CDT VALUES ( "00000000-0000-0000-0000-0000000000a4",3 );
INSERT INTO S_CDT VALUES ( "00000000-0000-0000-0000-00000000006c",4 );
INSERT INTO S_CDT VALUES ( "00000000-0000-0000-0000-0000000000f8",5 );
INSERT INTO S_CDT VALUES ( "00000000-0000-0000-0000-00000000003f",6 );
INSERT INTO S_CDT VALUES ( "00000000-0000-0000-0000-0000000000f9",7 );
INSERT INTO S_CDT VALUES ( "00000000-0000-0000-0000-000000000023",8 );
INSERT INTO S_CDT VALUES ( "00000000-0000-0000-0000-0000000000fa",9 );
INSERT INTO S_CDT VALUES ( "00000000-0000-0000-0000-00000000003b",10 );
INSERT INTO S_CDT VALUES ( "00000000-0000-0000-0000-0000000000fb",11 );
INSERT INTO S_CDT VALUES ( "00000000-0000-0000-0000-0000000000fc",12 );
INSERT INTO S_CDT VALUES ( "00000000-0000-0000-0000-0000000000fd",13 );
INSERT INTO S_UDT VALUES ( "00000000-0000-0000-0000-000000000098","00000000-0000-0000-0000-0000000000fb",1,'' );
INSERT INTO S_UDT VALUES ( "00000000-0000-0000-0000-000000000037","00000000-0000-0000-0000-0000000000fc",3,'' );
INSERT INTO S_UDT VALUES ( "00000000-0000-0000-0000-00000000009e","00000000-0000-0000-0000-0000000000fb",2,'' );
INSERT INTO S_BRG VALUES ( "00000000-0000-0000-0000-000000000085","00000000-0000-0000-0000-000000000084",'shutdown','',0,"00000000-0000-0000-0000-000000000006",'control stop;',1,'',0 );
INSERT INTO S_BRG VALUES ( "00000000-0000-0000-0000-00000000008a","00000000-0000-0000-0000-000000000089",'LogSuccess','',0,"00000000-0000-0000-0000-000000000006",'',1,'',0 );
INSERT INTO S_BRG VALUES ( "00000000-0000-0000-0000-00000000008e","00000000-0000-0000-0000-000000000089",'LogFailure','',0,"00000000-0000-0000-0000-000000000006",'',1,'',0 );
INSERT INTO S_BRG VALUES ( "00000000-0000-0000-0000-000000000092","00000000-0000-0000-0000-000000000089",'LogInfo','',0,"00000000-0000-0000-0000-000000000006",'',1,'',0 );
INSERT INTO S_BRG VALUES ( "00000000-0000-0000-0000-000000000096","00000000-0000-0000-0000-000000000089",'LogDate','',0,"00000000-0000-0000-0000-000000000006",'',1,'',0 );
INSERT INTO S_BRG VALUES ( "00000000-0000-0000-0000-00000000009c","00000000-0000-0000-0000-000000000089",'LogTime','',0,"00000000-0000-0000-0000-000000000006",'',1,'',0 );
INSERT INTO S_BRG VALUES ( "00000000-0000-0000-0000-0000000000a2","00000000-0000-0000-0000-000000000089",'LogReal','',0,"00000000-0000-0000-0000-000000000006",'',1,'',0 );
INSERT INTO S_BRG VALUES ( "00000000-0000-0000-0000-0000000000a8","00000000-0000-0000-0000-000000000089",'LogInteger','',0,"00000000-0000-0000-0000-000000000006",'',1,'',0 );
INSERT INTO S_BRG VALUES ( "00000000-0000-0000-0000-0000000000ad","00000000-0000-0000-0000-0000000000ac",'current_date','',1,"00000000-0000-0000-0000-000000000098",'',1,'',0 );
INSERT INTO S_BRG VALUES ( "00000000-0000-0000-0000-0000000000b0","00000000-0000-0000-0000-0000000000ac",'create_date','',1,"00000000-0000-0000-0000-000000000098",'',1,'',0 );
INSERT INTO S_BRG VALUES ( "00000000-0000-0000-0000-0000000000b9","00000000-0000-0000-0000-0000000000ac",'get_second','',1,"00000000-0000-0000-0000-000000000008",'',1,'',0 );
INSERT INTO S_BRG VALUES ( "00000000-0000-0000-0000-0000000000bd","00000000-0000-0000-0000-0000000000ac",'get_minute','',1,"00000000-0000-0000-0000-000000000008",'',1,'',0 );
INSERT INTO S_BRG VALUES ( "00000000-0000-0000-0000-0000000000c1","00000000-0000-0000-0000-0000000000ac",'get_hour','',1,"00000000-0000-0000-0000-000000000008",'',1,'',0 );
INSERT INTO S_BRG VALUES ( "00000000-0000-0000-0000-0000000000c5","00000000-0000-0000-0000-0000000000ac",'get_day','',1,"00000000-0000-0000-0000-000000000008",'',1,'',0 );
INSERT INTO S_BRG VALUES ( "00000000-0000-0000-0000-0000000000c9","00000000-0000-0000-0000-0000000000ac",'get_month','',1,"00000000-0000-0000-0000-000000000008",'',1,'',0 );
INSERT INTO S_BRG VALUES ( "00000000-0000-0000-0000-0000000000cd","00000000-0000-0000-0000-0000000000ac",'get_year','',1,"00000000-0000-0000-0000-000000000008",'',1,'',0 );
INSERT INTO S_BRG VALUES ( "00000000-0000-0000-0000-0000000000d1","00000000-0000-0000-0000-0000000000ac",'current_clock','',1,"00000000-0000-0000-0000-00000000009e",'',1,'',0 );
INSERT INTO S_BRG VALUES ( "00000000-0000-0000-0000-000000000039","00000000-0000-0000-0000-0000000000ac",'timer_start','This bridge operation starts a timer set to expire in the specified number of
microseconds, generating the passed event upon expiration. Returns the instance
handle of the timer.',1,"00000000-0000-0000-0000-000000000037",'',1,'',0 );
INSERT INTO S_BRG VALUES ( "00000000-0000-0000-0000-0000000000d8","00000000-0000-0000-0000-0000000000ac",'timer_start_recurring','This bridge operation starts a timer set to expire in the specified number of
microseconds, generating the passed event upon expiration. Upon expiration, the
timer will be restarted and fire again in the specified number of microseconds
generating the passed event. This bridge operation returns the instance handle
of the timer.',1,"00000000-0000-0000-0000-000000000037",'',1,'',0 );
INSERT INTO S_BRG VALUES ( "00000000-0000-0000-0000-0000000000dd","00000000-0000-0000-0000-0000000000ac",'timer_remaining_time','Returns the time remaining (in microseconds) for the passed timer instance. If
the timer has expired, a zero value is returned.',1,"00000000-0000-0000-0000-000000000008",'',1,'',0 );
INSERT INTO S_BRG VALUES ( "00000000-0000-0000-0000-0000000000e1","00000000-0000-0000-0000-0000000000ac",'timer_reset_time','This bridge operation attempts to set the passed existing timer to expire in
the specified number of microseconds. If the timer exists (that is, it has not
expired), a TRUE value is returned. If the timer no longer exists, a FALSE value
is returned.',1,"00000000-0000-0000-0000-000000000065",'',1,'',0 );
INSERT INTO S_BRG VALUES ( "00000000-0000-0000-0000-0000000000e6","00000000-0000-0000-0000-0000000000ac",'timer_add_time','This bridge operation attempts to add the specified number of microseconds to a
passed existing timer. If the timer exists (that is, it has not expired), a TRUE
value is returned. If the timer no longer exists, a FALSE value is returned.',1,"00000000-0000-0000-0000-000000000065",'',1,'',0 );
INSERT INTO S_BRG VALUES ( "00000000-0000-0000-0000-0000000000eb","00000000-0000-0000-0000-0000000000ac",'timer_cancel','This bridge operation cancels and deletes the passed timer instance. If the 
timer exists (that is, it had not expired), a TRUE value is returned. If the
timer no longer exists, a FALSE value is returned.',1,"00000000-0000-0000-0000-000000000065",'',1,'',0 );
INSERT INTO S_BRG VALUES ( "00000000-0000-0000-0000-0000000000f0","00000000-0000-0000-0000-0000000000ef",'sqrt','',0,"00000000-0000-0000-0000-0000000000a4",'',1,'',0 );
INSERT INTO S_BRG VALUES ( "00000000-0000-0000-0000-000000000069","00000000-0000-0000-0000-0000000000f4",'send','',0,"00000000-0000-0000-0000-000000000006",'',1,'',0 );
INSERT INTO S_BPARM VALUES ( "00000000-0000-0000-0000-00000000008b","00000000-0000-0000-0000-00000000008a",'message',"00000000-0000-0000-0000-00000000006c",0,'',"00000000-0000-0000-0000-000000000000",'' );
INSERT INTO S_BPARM VALUES ( "00000000-0000-0000-0000-00000000008f","00000000-0000-0000-0000-00000000008e",'message',"00000000-0000-0000-0000-00000000006c",0,'',"00000000-0000-0000-0000-000000000000",'' );
INSERT INTO S_BPARM VALUES ( "00000000-0000-0000-0000-000000000093","00000000-0000-0000-0000-000000000092",'message',"00000000-0000-0000-0000-00000000006c",0,'',"00000000-0000-0000-0000-000000000000",'' );
INSERT INTO S_BPARM VALUES ( "00000000-0000-0000-0000-000000000097","00000000-0000-0000-0000-000000000096",'d',"00000000-0000-0000-0000-000000000098",0,'',"00000000-0000-0000-0000-000000000000",'' );
INSERT INTO S_BPARM VALUES ( "00000000-0000-0000-0000-000000000099","00000000-0000-0000-0000-000000000096",'message',"00000000-0000-0000-0000-00000000006c",0,'',"00000000-0000-0000-0000-000000000097",'' );
INSERT INTO S_BPARM VALUES ( "00000000-0000-0000-0000-00000000009d","00000000-0000-0000-0000-00000000009c",'t',"00000000-0000-0000-0000-00000000009e",0,'',"00000000-0000-0000-0000-00000000009f",'' );
INSERT INTO S_BPARM VALUES ( "00000000-0000-0000-0000-00000000009f","00000000-0000-0000-0000-00000000009c",'message',"00000000-0000-0000-0000-00000000006c",0,'',"00000000-0000-0000-0000-000000000000",'' );
INSERT INTO S_BPARM VALUES ( "00000000-0000-0000-0000-0000000000a3","00000000-0000-0000-0000-0000000000a2",'r',"00000000-0000-0000-0000-0000000000a4",0,'',"00000000-0000-0000-0000-0000000000a5",'' );
INSERT INTO S_BPARM VALUES ( "00000000-0000-0000-0000-0000000000a5","00000000-0000-0000-0000-0000000000a2",'message',"00000000-0000-0000-0000-00000000006c",0,'',"00000000-0000-0000-0000-000000000000",'' );
INSERT INTO S_BPARM VALUES ( "00000000-0000-0000-0000-0000000000a9","00000000-0000-0000-0000-0000000000a8",'message',"00000000-0000-0000-0000-000000000008",0,'',"00000000-0000-0000-0000-000000000000",'' );
INSERT INTO S_BPARM VALUES ( "00000000-0000-0000-0000-0000000000b1","00000000-0000-0000-0000-0000000000b0",'second',"00000000-0000-0000-0000-000000000008",0,'',"00000000-0000-0000-0000-0000000000b2",'' );
INSERT INTO S_BPARM VALUES ( "00000000-0000-0000-0000-0000000000b3","00000000-0000-0000-0000-0000000000b0",'minute',"00000000-0000-0000-0000-000000000008",0,'',"00000000-0000-0000-0000-0000000000b4",'' );
INSERT INTO S_BPARM VALUES ( "00000000-0000-0000-0000-0000000000b4","00000000-0000-0000-0000-0000000000b0",'hour',"00000000-0000-0000-0000-000000000008",0,'',"00000000-0000-0000-0000-0000000000b5",'' );
INSERT INTO S_BPARM VALUES ( "00000000-0000-0000-0000-0000000000b5","00000000-0000-0000-0000-0000000000b0",'day',"00000000-0000-0000-0000-000000000008",0,'',"00000000-0000-0000-0000-000000000000",'' );
INSERT INTO S_BPARM VALUES ( "00000000-0000-0000-0000-0000000000b2","00000000-0000-0000-0000-0000000000b0",'month',"00000000-0000-0000-0000-000000000008",0,'',"00000000-0000-0000-0000-0000000000b3",'' );
INSERT INTO S_BPARM VALUES ( "00000000-0000-0000-0000-0000000000b6","00000000-0000-0000-0000-0000000000b0",'year',"00000000-0000-0000-0000-000000000008",0,'',"00000000-0000-0000-0000-0000000000b1",'' );
INSERT INTO S_BPARM VALUES ( "00000000-0000-0000-0000-0000000000ba","00000000-0000-0000-0000-0000000000b9",'date',"00000000-0000-0000-0000-000000000098",0,'',"00000000-0000-0000-0000-000000000000",'' );
INSERT INTO S_BPARM VALUES ( "00000000-0000-0000-0000-0000000000be","00000000-0000-0000-0000-0000000000bd",'date',"00000000-0000-0000-0000-000000000098",0,'',"00000000-0000-0000-0000-000000000000",'' );
INSERT INTO S_BPARM VALUES ( "00000000-0000-0000-0000-0000000000c2","00000000-0000-0000-0000-0000000000c1",'date',"00000000-0000-0000-0000-000000000098",0,'',"00000000-0000-0000-0000-000000000000",'' );
INSERT INTO S_BPARM VALUES ( "00000000-0000-0000-0000-0000000000c6","00000000-0000-0000-0000-0000000000c5",'date',"00000000-0000-0000-0000-000000000098",0,'',"00000000-0000-0000-0000-000000000000",'' );
INSERT INTO S_BPARM VALUES ( "00000000-0000-0000-0000-0000000000ca","00000000-0000-0000-0000-0000000000c9",'date',"00000000-0000-0000-0000-000000000098",0,'',"00000000-0000-0000-0000-000000000000",'' );
INSERT INTO S_BPARM VALUES ( "00000000-0000-0000-0000-0000000000ce","00000000-0000-0000-0000-0000000000cd",'date',"00000000-0000-0000-0000-000000000098",0,'',"00000000-0000-0000-0000-000000000000",'' );
INSERT INTO S_BPARM VALUES ( "00000000-0000-0000-0000-0000000000d4","00000000-0000-0000-0000-000000000039",'microseconds',"00000000-0000-0000-0000-000000000008",0,'',"00000000-0000-0000-0000-0000000000d5",'' );
INSERT INTO S_BPARM VALUES ( "00000000-0000-0000-0000-0000000000d5","00000000-0000-0000-0000-000000000039",'event_inst',"00000000-0000-0000-0000-00000000003b",0,'',"00000000-0000-0000-0000-000000000000",'' );
INSERT INTO S_BPARM VALUES ( "00000000-0000-0000-0000-0000000000d9","00000000-0000-0000-0000-0000000000d8",'microseconds',"00000000-0000-0000-0000-000000000008",0,'',"00000000-0000-0000-0000-0000000000da",'' );
INSERT INTO S_BPARM VALUES ( "00000000-0000-0000-0000-0000000000da","00000000-0000-0000-0000-0000000000d8",'event_inst',"00000000-0000-0000-0000-00000000003b",0,'',"00000000-0000-0000-0000-000000000000",'' );
INSERT INTO S_BPARM VALUES ( "00000000-0000-0000-0000-0000000000de","00000000-0000-0000-0000-0000000000dd",'timer_inst_ref',"00000000-0000-0000-0000-000000000037",0,'',"00000000-0000-0000-0000-000000000000",'' );
INSERT INTO S_BPARM VALUES ( "00000000-0000-0000-0000-0000000000e2","00000000-0000-0000-0000-0000000000e1",'timer_inst_ref',"00000000-0000-0000-0000-000000000037",0,'',"00000000-0000-0000-0000-0000000000e3",'' );
INSERT INTO S_BPARM VALUES ( "00000000-0000-0000-0000-0000000000e3","00000000-0000-0000-0000-0000000000e1",'microseconds',"00000000-0000-0000-0000-000000000008",0,'',"00000000-0000-0000-0000-000000000000",'' );
INSERT INTO S_BPARM VALUES ( "00000000-0000-0000-0000-0000000000e7","00000000-0000-0000-0000-0000000000e6",'timer_inst_ref',"00000000-0000-0000-0000-000000000037",0,'',"00000000-0000-0000-0000-0000000000e8",'' );
INSERT INTO S_BPARM VALUES ( "00000000-0000-0000-0000-0000000000e8","00000000-0000-0000-0000-0000000000e6",'microseconds',"00000000-0000-0000-0000-000000000008",0,'',"00000000-0000-0000-0000-000000000000",'' );
INSERT INTO S_BPARM VALUES ( "00000000-0000-0000-0000-0000000000ec","00000000-0000-0000-0000-0000000000eb",'timer_inst_ref',"00000000-0000-0000-0000-000000000037",0,'',"00000000-0000-0000-0000-000000000000",'' );
INSERT INTO S_BPARM VALUES ( "00000000-0000-0000-0000-0000000000f1","00000000-0000-0000-0000-0000000000f0",'x',"00000000-0000-0000-0000-0000000000a4",0,'',"00000000-0000-0000-0000-000000000000",'' );
INSERT INTO S_BPARM VALUES ( "00000000-0000-0000-0000-0000000000f5","00000000-0000-0000-0000-000000000069",'str',"00000000-0000-0000-0000-00000000006c",0,'',"00000000-0000-0000-0000-000000000000",'' );
INSERT INTO EP_PKG VALUES ( "00000000-0000-0000-0000-000000000002","00000000-0000-0000-0000-000000000001","00000000-0000-0000-0000-000000000001",'ship','',0 );
INSERT INTO EP_PKG VALUES ( "00000000-0000-0000-0000-000000000004","00000000-0000-0000-0000-000000000000","00000000-0000-0000-0000-000000000001",'functions','',0 );
INSERT INTO EP_PKG VALUES ( "00000000-0000-0000-0000-00000000003d","00000000-0000-0000-0000-000000000000","00000000-0000-0000-0000-000000000001",'ship','',0 );
INSERT INTO EP_PKG VALUES ( "00000000-0000-0000-0000-000000000083","00000000-0000-0000-0000-000000000001","00000000-0000-0000-0000-000000000001",'Shared_EEs','',0 );
INSERT INTO S_SYNC VALUES ( "00000000-0000-0000-0000-000000000005","00000000-0000-0000-0000-000000000000",'recv_state','','select any ctrl from instances of Controller;
generate Controller4:''state'' (alive:param.alive, px:param.px, py:param.py, pa:param.pa, ux:param.ux, uy:param.uy, ua:param.ua, fx:param.fx, fy:param.fy, fa:param.fa) to ctrl;
',"00000000-0000-0000-0000-000000000006",1,'',0 );
INSERT INTO S_SYNC VALUES ( "00000000-0000-0000-0000-000000000024","00000000-0000-0000-0000-000000000000",'setup','','create object instance ctrl of Controller;
generate Controller1:''init'' to ctrl;',"00000000-0000-0000-0000-000000000006",1,'',0 );
INSERT INTO S_SYNC VALUES ( "00000000-0000-0000-0000-00000000002b","00000000-0000-0000-0000-000000000000",'timer','','select any ctrl from instances of Controller;
create event instance timeout of Controller3:''timeout'' to ctrl;
timer = TIM::timer_start( event_inst:timeout, microseconds:param.microseconds );
',"00000000-0000-0000-0000-000000000006",1,'',0 );
INSERT INTO S_SPARM VALUES ( "00000000-0000-0000-0000-000000000007","00000000-0000-0000-0000-000000000005",'alive',"00000000-0000-0000-0000-000000000008",0,'',"00000000-0000-0000-0000-000000000000",'' );
INSERT INTO S_SPARM VALUES ( "00000000-0000-0000-0000-000000000009","00000000-0000-0000-0000-000000000005",'px',"00000000-0000-0000-0000-000000000008",0,'',"00000000-0000-0000-0000-00000000000b",'' );
INSERT INTO S_SPARM VALUES ( "00000000-0000-0000-0000-00000000000a","00000000-0000-0000-0000-000000000005",'py',"00000000-0000-0000-0000-000000000008",0,'',"00000000-0000-0000-0000-000000000009",'' );
INSERT INTO S_SPARM VALUES ( "00000000-0000-0000-0000-00000000000b","00000000-0000-0000-0000-000000000005",'pa',"00000000-0000-0000-0000-000000000008",0,'',"00000000-0000-0000-0000-000000000010",'' );
INSERT INTO S_SPARM VALUES ( "00000000-0000-0000-0000-00000000000c","00000000-0000-0000-0000-000000000005",'ux',"00000000-0000-0000-0000-000000000008",0,'',"00000000-0000-0000-0000-00000000000e",'' );
INSERT INTO S_SPARM VALUES ( "00000000-0000-0000-0000-00000000000d","00000000-0000-0000-0000-000000000005",'uy',"00000000-0000-0000-0000-000000000008",0,'',"00000000-0000-0000-0000-00000000000c",'' );
INSERT INTO S_SPARM VALUES ( "00000000-0000-0000-0000-00000000000e","00000000-0000-0000-0000-000000000005",'ua',"00000000-0000-0000-0000-000000000008",0,'',"00000000-0000-0000-0000-00000000000a",'' );
INSERT INTO S_SPARM VALUES ( "00000000-0000-0000-0000-00000000000f","00000000-0000-0000-0000-000000000005",'fx',"00000000-0000-0000-0000-000000000008",0,'',"00000000-0000-0000-0000-000000000011",'' );
INSERT INTO S_SPARM VALUES ( "00000000-0000-0000-0000-000000000010","00000000-0000-0000-0000-000000000005",'fy',"00000000-0000-0000-0000-000000000008",0,'',"00000000-0000-0000-0000-00000000000f",'' );
INSERT INTO S_SPARM VALUES ( "00000000-0000-0000-0000-000000000011","00000000-0000-0000-0000-000000000005",'fa',"00000000-0000-0000-0000-000000000008",0,'',"00000000-0000-0000-0000-000000000007",'' );
INSERT INTO S_SPARM VALUES ( "00000000-0000-0000-0000-00000000002c","00000000-0000-0000-0000-00000000002b",'microseconds',"00000000-0000-0000-0000-000000000008",0,'',"00000000-0000-0000-0000-000000000000",'' );
INSERT INTO S_SYS VALUES ( "00000000-0000-0000-0000-000000000001",'shipctrl',1 );
INSERT INTO TE_SYS VALUES ( 1,'','',32,0,0,0,0,0,0,0,0,0,0,0,0,0,128,128,0,0,'','shipctrl','sc_interface',0,0,0,0,0,"00000000-0000-0000-0000-000000000001" );
INSERT INTO TE_DISP VALUES ( 1,1,'main','dispatcher','','' );
INSERT INTO TE_QUEUE VALUES ( 1,1,1,'Self Queue',0,0 );
INSERT INTO TE_QUEUE VALUES ( 2,1,2,'NonSelf Queue',0,0 );
INSERT INTO TE_ABA VALUES ( "00000000-0000-0000-0000-0000000000c8",'S_SYNC',"00000000-0000-0000-0000-00000000001a",0,1,1,' const i_t ',' const i_t p_microseconds ','i_t p_microseconds;
',', p_microseconds','%d',' p_microseconds','','    e->p_microseconds = p_microseconds;','    e->p_microseconds = p_microseconds;','','ship_timer','void',0,"00000000-0000-0000-0000-000000000000",'','  Escher_Timer_t timer;Escher_xtUMLEvent_t * timeout;ship_Controller * ctrl=0;
  /* SELECT any ctrl FROM INSTANCES OF Controller */
  XTUML_OAL_STMT_TRACE( 1, "SELECT any ctrl FROM INSTANCES OF Controller" );
  ctrl = (ship_Controller *) Escher_SetGetAny( &pG_ship_Controller_extent.active );
  /* CREATE EVENT INSTANCE timeout(  ) TO ctrl */
  XTUML_OAL_STMT_TRACE( 1, "CREATE EVENT INSTANCE timeout(  ) TO ctrl" );
  timeout = Escher_NewxtUMLEvent( (void *) ctrl, &ship_Controllerevent3c );
  /* ASSIGN timer = TIM::timer_start(event_inst:timeout, microseconds:PARAM.microseconds) */
  XTUML_OAL_STMT_TRACE( 1, "ASSIGN timer = TIM::timer_start(event_inst:timeout, microseconds:PARAM.microseconds)" );
  timer = TIM_timer_start( (Escher_xtUMLEvent_t *)timeout, p_microseconds );
' );
INSERT INTO TE_ABA VALUES ( "00000000-0000-0000-0000-0000000000c9",'S_SYNC',"00000000-0000-0000-0000-00000000001a",0,1,1,' void ','','','','','','','','','','ship_setup','void',0,"00000000-0000-0000-0000-000000000000",'','  ship_Controller * ctrl;
  /* CREATE OBJECT INSTANCE ctrl OF Controller */
  XTUML_OAL_STMT_TRACE( 1, "CREATE OBJECT INSTANCE ctrl OF Controller" );
  ctrl = (ship_Controller *) Escher_CreateInstance( ship_DOMAIN_ID, ship_Controller_CLASS_NUMBER );
  /* GENERATE Controller1:init() TO ctrl */
  XTUML_OAL_STMT_TRACE( 1, "GENERATE Controller1:init() TO ctrl" );
  { Escher_xtUMLEvent_t * e = Escher_NewxtUMLEvent( ctrl, &ship_Controllerevent1c );
    Escher_SendEvent( e );
  }
' );
INSERT INTO TE_ABA VALUES ( "00000000-0000-0000-0000-0000000000ca",'S_SYNC',"00000000-0000-0000-0000-00000000001a",0,1,1,' const i_t, const i_t, const i_t, const i_t, const i_t, const i_t, const i_t, const i_t, const i_t, const i_t ',' const i_t p_alive, const i_t p_fa, const i_t p_fx, const i_t p_fy, const i_t p_pa, const i_t p_px, const i_t p_py, const i_t p_ua, const i_t p_ux, const i_t p_uy ','i_t p_alive;
i_t p_fa;
i_t p_fx;
i_t p_fy;
i_t p_pa;
i_t p_px;
i_t p_py;
i_t p_ua;
i_t p_ux;
i_t p_uy;
',', p_alive, p_fa, p_fx, p_fy, p_pa, p_px, p_py, p_ua, p_ux, p_uy','%d,%d,%d,%d,%d,%d,%d,%d,%d,%d',' p_alive, p_fa, p_fx, p_fy, p_pa, p_px, p_py, p_ua, p_ux, p_uy','','    e->p_alive = p_alive;    e->p_fa = p_fa;    e->p_fx = p_fx;    e->p_fy = p_fy;    e->p_pa = p_pa;    e->p_px = p_px;    e->p_py = p_py;    e->p_ua = p_ua;    e->p_ux = p_ux;    e->p_uy = p_uy;','    e->p_alive = p_alive;    e->p_fa = p_fa;    e->p_fx = p_fx;    e->p_fy = p_fy;    e->p_pa = p_pa;    e->p_px = p_px;    e->p_py = p_py;    e->p_ua = p_ua;    e->p_ux = p_ux;    e->p_uy = p_uy;','','ship_recv_state','void',0,"00000000-0000-0000-0000-000000000000",'','  ship_Controller * ctrl=0;
  /* SELECT any ctrl FROM INSTANCES OF Controller */
  XTUML_OAL_STMT_TRACE( 1, "SELECT any ctrl FROM INSTANCES OF Controller" );
  ctrl = (ship_Controller *) Escher_SetGetAny( &pG_ship_Controller_extent.active );
  /* GENERATE Controller4:state(px:PARAM.px, py:PARAM.py, pa:PARAM.pa, ux:PARAM.ux, uy:PARAM.uy, ua:PARAM.ua, fx:PARAM.fx, fy:PARAM.fy, fa:PARAM.fa, alive:PARAM.alive) TO ctrl */
  XTUML_OAL_STMT_TRACE( 1, "GENERATE Controller4:state(px:PARAM.px, py:PARAM.py, pa:PARAM.pa, ux:PARAM.ux, uy:PARAM.uy, ua:PARAM.ua, fx:PARAM.fx, fy:PARAM.fy, fa:PARAM.fa, alive:PARAM.alive) TO ctrl" );
  { ship_Controllerevent4 * e = (ship_Controllerevent4 *) Escher_NewxtUMLEvent( ctrl, &ship_Controllerevent4c );
    e->p_px = p_px;    e->p_py = p_py;    e->p_pa = p_pa;    e->p_ux = p_ux;    e->p_uy = p_uy;    e->p_ua = p_ua;    e->p_fx = p_fx;    e->p_fy = p_fy;    e->p_fa = p_fa;    e->p_alive = p_alive;
    Escher_SendEvent( (Escher_xtUMLEvent_t *) e );
  }
' );
INSERT INTO TE_ABA VALUES ( "00000000-0000-0000-0000-0000000000cf",'SM_ACT',"00000000-0000-0000-0000-00000000001a",0,0,1,' void ','','','','','','','','','','ship_Controller_act1','void',0,"00000000-0000-0000-0000-000000000000",'','' );
INSERT INTO TE_ABA VALUES ( "00000000-0000-0000-0000-0000000000d2",'SM_ACT',"00000000-0000-0000-0000-00000000001a",0,0,1,' void ','','','','','','','','','','ship_Controller_act2','void',0,"00000000-0000-0000-0000-000000000000",'','' );
INSERT INTO TE_ABA VALUES ( "00000000-0000-0000-0000-0000000000d5",'SM_ACT',"00000000-0000-0000-0000-00000000001a",0,0,1,' void ','','','','','','','','','','ship_Controller_act3','void',0,"00000000-0000-0000-0000-000000000000",'','  i_t alive;ship_Controller * ctrl=0;
  /* SELECT any ctrl FROM INSTANCES OF Controller */
  XTUML_OAL_STMT_TRACE( 1, "SELECT any ctrl FROM INSTANCES OF Controller" );
  ctrl = (ship_Controller *) Escher_SetGetAny( &pG_ship_Controller_extent.active );
  /* ASSIGN alive = PARAM.alive */
  XTUML_OAL_STMT_TRACE( 1, "ASSIGN alive = PARAM.alive" );
  alive = rcvd_evt->p_alive;
  /* IF ( alive == 1 ) */
  XTUML_OAL_STMT_TRACE( 1, "IF ( alive == 1 )" );
  if ( alive == 1 ) {
    /* Ship::send( str:angle 180 ) */
    XTUML_OAL_STMT_TRACE( 2, "Ship::send( str:angle 180 )" );
    Ship_send( "angle 180" );
    /* Ship::send( str:fire ) */
    XTUML_OAL_STMT_TRACE( 2, "Ship::send( str:fire )" );
    Ship_send( "fire" );
    /* GENERATE Controller2:ok() TO ctrl */
    XTUML_OAL_STMT_TRACE( 2, "GENERATE Controller2:ok() TO ctrl" );
    { Escher_xtUMLEvent_t * e = Escher_NewxtUMLEvent( ctrl, &ship_Controllerevent2c );
      Escher_SendEvent( e );
    }
  }
  else {
    /* GENERATE Controller5:end() TO ctrl */
    XTUML_OAL_STMT_TRACE( 2, "GENERATE Controller5:end() TO ctrl" );
    { Escher_xtUMLEvent_t * e = Escher_NewxtUMLEvent( ctrl, &ship_Controllerevent5c );
      Escher_SendEvent( e );
    }
  }
' );
INSERT INTO TE_ABA VALUES ( "00000000-0000-0000-0000-0000000000d8",'SM_ACT',"00000000-0000-0000-0000-00000000001a",0,0,1,' void ','','','','','','','','','','ship_Controller_act4','void',0,"00000000-0000-0000-0000-000000000000",'','' );
INSERT INTO TE_ABA VALUES ( "00000000-0000-0000-0000-0000000000df",'S_BRG',"00000000-0000-0000-0000-000000000000",0,0,1,' void ','','','','','','','','','','ARCH_shutdown','void',0,"00000000-0000-0000-0000-000000000000",'','' );
INSERT INTO TE_ABA VALUES ( "00000000-0000-0000-0000-0000000000e1",'S_BRG',"00000000-0000-0000-0000-000000000000",0,0,1,' c_t[ESCHER_SYS_MAX_STRING_LEN] ',' c_t p_message[ESCHER_SYS_MAX_STRING_LEN] ','c_t p_message[ESCHER_SYS_MAX_STRING_LEN];
','','[]',' p_message','','    Escher_strcpy( e->p_message, p_message );','    Escher_strcpy( e->p_message, p_message );','','LOG_LogSuccess','void',0,"00000000-0000-0000-0000-000000000000",'','' );
INSERT INTO TE_ABA VALUES ( "00000000-0000-0000-0000-0000000000e3",'S_BRG',"00000000-0000-0000-0000-000000000000",0,0,1,' c_t[ESCHER_SYS_MAX_STRING_LEN] ',' c_t p_message[ESCHER_SYS_MAX_STRING_LEN] ','c_t p_message[ESCHER_SYS_MAX_STRING_LEN];
','','[]',' p_message','','    Escher_strcpy( e->p_message, p_message );','    Escher_strcpy( e->p_message, p_message );','','LOG_LogFailure','void',0,"00000000-0000-0000-0000-000000000000",'','' );
INSERT INTO TE_ABA VALUES ( "00000000-0000-0000-0000-0000000000e5",'S_BRG',"00000000-0000-0000-0000-000000000000",0,0,1,' c_t[ESCHER_SYS_MAX_STRING_LEN] ',' c_t p_message[ESCHER_SYS_MAX_STRING_LEN] ','c_t p_message[ESCHER_SYS_MAX_STRING_LEN];
','','[]',' p_message','','    Escher_strcpy( e->p_message, p_message );','    Escher_strcpy( e->p_message, p_message );','','LOG_LogInfo','void',0,"00000000-0000-0000-0000-000000000000",'','' );
INSERT INTO TE_ABA VALUES ( "00000000-0000-0000-0000-0000000000e7",'S_BRG',"00000000-0000-0000-0000-000000000000",0,0,1,' Escher_Date_t, c_t[ESCHER_SYS_MAX_STRING_LEN] ',' Escher_Date_t p_d, c_t p_message[ESCHER_SYS_MAX_STRING_LEN] ','Escher_Date_t p_d;
c_t p_message[ESCHER_SYS_MAX_STRING_LEN];
',', p_d','%d,[]',' p_d, p_message','','    e->p_d = p_d;    Escher_strcpy( e->p_message, p_message );','    e->p_d = p_d;    Escher_strcpy( e->p_message, p_message );','','LOG_LogDate','void',0,"00000000-0000-0000-0000-000000000000",'','' );
INSERT INTO TE_ABA VALUES ( "00000000-0000-0000-0000-0000000000e9",'S_BRG',"00000000-0000-0000-0000-000000000000",0,0,1,' c_t[ESCHER_SYS_MAX_STRING_LEN], Escher_TimeStamp_t ',' c_t p_message[ESCHER_SYS_MAX_STRING_LEN], Escher_TimeStamp_t p_t ','c_t p_message[ESCHER_SYS_MAX_STRING_LEN];
Escher_TimeStamp_t p_t;
',', p_t','[],%d',' p_message, p_t','','    Escher_strcpy( e->p_message, p_message );    e->p_t = p_t;','    Escher_strcpy( e->p_message, p_message );    e->p_t = p_t;','','LOG_LogTime','void',0,"00000000-0000-0000-0000-000000000000",'','' );
INSERT INTO TE_ABA VALUES ( "00000000-0000-0000-0000-0000000000eb",'S_BRG',"00000000-0000-0000-0000-000000000000",0,0,1,' c_t[ESCHER_SYS_MAX_STRING_LEN], const r_t ',' c_t p_message[ESCHER_SYS_MAX_STRING_LEN], const r_t p_r ','c_t p_message[ESCHER_SYS_MAX_STRING_LEN];
r_t p_r;
',', p_r','[],%f',' p_message, p_r','','    Escher_strcpy( e->p_message, p_message );    e->p_r = p_r;','    Escher_strcpy( e->p_message, p_message );    e->p_r = p_r;','','LOG_LogReal','void',0,"00000000-0000-0000-0000-000000000000",'','' );
INSERT INTO TE_ABA VALUES ( "00000000-0000-0000-0000-0000000000ed",'S_BRG',"00000000-0000-0000-0000-000000000000",0,0,1,' const i_t ',' const i_t p_message ','i_t p_message;
',', p_message','%d',' p_message','','    e->p_message = p_message;','    e->p_message = p_message;','','LOG_LogInteger','void',0,"00000000-0000-0000-0000-000000000000",'','' );
INSERT INTO TE_ABA VALUES ( "00000000-0000-0000-0000-0000000000ef",'S_BRG',"00000000-0000-0000-0000-000000000000",0,0,1,' void ','','','','','','','','','','TIM_current_date','Escher_Date_t',0,"00000000-0000-0000-0000-000000000000",'','' );
INSERT INTO TE_ABA VALUES ( "00000000-0000-0000-0000-0000000000f1",'S_BRG',"00000000-0000-0000-0000-000000000000",0,0,1,' const i_t, const i_t, const i_t, const i_t, const i_t, const i_t ',' const i_t p_day, const i_t p_hour, const i_t p_minute, const i_t p_month, const i_t p_second, const i_t p_year ','i_t p_day;
i_t p_hour;
i_t p_minute;
i_t p_month;
i_t p_second;
i_t p_year;
',', p_day, p_hour, p_minute, p_month, p_second, p_year','%d,%d,%d,%d,%d,%d',' p_day, p_hour, p_minute, p_month, p_second, p_year','','    e->p_day = p_day;    e->p_hour = p_hour;    e->p_minute = p_minute;    e->p_month = p_month;    e->p_second = p_second;    e->p_year = p_year;','    e->p_day = p_day;    e->p_hour = p_hour;    e->p_minute = p_minute;    e->p_month = p_month;    e->p_second = p_second;    e->p_year = p_year;','','TIM_create_date','Escher_Date_t',0,"00000000-0000-0000-0000-000000000000",'','' );
INSERT INTO TE_ABA VALUES ( "00000000-0000-0000-0000-0000000000f3",'S_BRG',"00000000-0000-0000-0000-000000000000",0,0,1,' Escher_Date_t ',' Escher_Date_t p_date ','Escher_Date_t p_date;
',', p_date','%d',' p_date','','    e->p_date = p_date;','    e->p_date = p_date;','','TIM_get_second','i_t',0,"00000000-0000-0000-0000-000000000000",'','' );
INSERT INTO TE_ABA VALUES ( "00000000-0000-0000-0000-0000000000f5",'S_BRG',"00000000-0000-0000-0000-000000000000",0,0,1,' Escher_Date_t ',' Escher_Date_t p_date ','Escher_Date_t p_date;
',', p_date','%d',' p_date','','    e->p_date = p_date;','    e->p_date = p_date;','','TIM_get_minute','i_t',0,"00000000-0000-0000-0000-000000000000",'','' );
INSERT INTO TE_ABA VALUES ( "00000000-0000-0000-0000-0000000000f7",'S_BRG',"00000000-0000-0000-0000-000000000000",0,0,1,' Escher_Date_t ',' Escher_Date_t p_date ','Escher_Date_t p_date;
',', p_date','%d',' p_date','','    e->p_date = p_date;','    e->p_date = p_date;','','TIM_get_hour','i_t',0,"00000000-0000-0000-0000-000000000000",'','' );
INSERT INTO TE_ABA VALUES ( "00000000-0000-0000-0000-0000000000f9",'S_BRG',"00000000-0000-0000-0000-000000000000",0,0,1,' Escher_Date_t ',' Escher_Date_t p_date ','Escher_Date_t p_date;
',', p_date','%d',' p_date','','    e->p_date = p_date;','    e->p_date = p_date;','','TIM_get_day','i_t',0,"00000000-0000-0000-0000-000000000000",'','' );
INSERT INTO TE_ABA VALUES ( "00000000-0000-0000-0000-0000000000fb",'S_BRG',"00000000-0000-0000-0000-000000000000",0,0,1,' Escher_Date_t ',' Escher_Date_t p_date ','Escher_Date_t p_date;
',', p_date','%d',' p_date','','    e->p_date = p_date;','    e->p_date = p_date;','','TIM_get_month','i_t',0,"00000000-0000-0000-0000-000000000000",'','' );
INSERT INTO TE_ABA VALUES ( "00000000-0000-0000-0000-0000000000fd",'S_BRG',"00000000-0000-0000-0000-000000000000",0,0,1,' Escher_Date_t ',' Escher_Date_t p_date ','Escher_Date_t p_date;
',', p_date','%d',' p_date','','    e->p_date = p_date;','    e->p_date = p_date;','','TIM_get_year','i_t',0,"00000000-0000-0000-0000-000000000000",'','' );
INSERT INTO TE_ABA VALUES ( "00000000-0000-0000-0000-0000000000ff",'S_BRG',"00000000-0000-0000-0000-000000000000",0,0,1,' void ','','','','','','','','','','TIM_current_clock','Escher_TimeStamp_t',0,"00000000-0000-0000-0000-000000000000",'','' );
INSERT INTO TE_ABA VALUES ( "00000000-0000-0000-0000-000000000101",'S_BRG',"00000000-0000-0000-0000-000000000000",0,0,1,' Escher_xtUMLEvent_t *, const i_t ',' Escher_xtUMLEvent_t * p_event_inst, const i_t p_microseconds ','Escher_xtUMLEvent_t * p_event_inst;
i_t p_microseconds;
',', p_event_inst, p_microseconds','%p,%d',' p_event_inst, p_microseconds','','    e->p_event_inst = p_event_inst;    e->p_microseconds = p_microseconds;','    e->p_event_inst = p_event_inst;    e->p_microseconds = p_microseconds;','','TIM_timer_start','Escher_Timer_t',0,"00000000-0000-0000-0000-000000000000",'','' );
INSERT INTO TE_ABA VALUES ( "00000000-0000-0000-0000-000000000103",'S_BRG',"00000000-0000-0000-0000-000000000000",0,0,1,' Escher_xtUMLEvent_t *, const i_t ',' Escher_xtUMLEvent_t * p_event_inst, const i_t p_microseconds ','Escher_xtUMLEvent_t * p_event_inst;
i_t p_microseconds;
',', p_event_inst, p_microseconds','%p,%d',' p_event_inst, p_microseconds','','    e->p_event_inst = p_event_inst;    e->p_microseconds = p_microseconds;','    e->p_event_inst = p_event_inst;    e->p_microseconds = p_microseconds;','','TIM_timer_start_recurring','Escher_Timer_t',0,"00000000-0000-0000-0000-000000000000",'','' );
INSERT INTO TE_ABA VALUES ( "00000000-0000-0000-0000-000000000105",'S_BRG',"00000000-0000-0000-0000-000000000000",0,0,1,' Escher_Timer_t ',' Escher_Timer_t p_timer_inst_ref ','Escher_Timer_t p_timer_inst_ref;
',', p_timer_inst_ref','%d',' p_timer_inst_ref','','    e->p_timer_inst_ref = p_timer_inst_ref;','    e->p_timer_inst_ref = p_timer_inst_ref;','','TIM_timer_remaining_time','i_t',0,"00000000-0000-0000-0000-000000000000",'','' );
INSERT INTO TE_ABA VALUES ( "00000000-0000-0000-0000-000000000107",'S_BRG',"00000000-0000-0000-0000-000000000000",0,0,1,' const i_t, Escher_Timer_t ',' const i_t p_microseconds, Escher_Timer_t p_timer_inst_ref ','i_t p_microseconds;
Escher_Timer_t p_timer_inst_ref;
',', p_microseconds, p_timer_inst_ref','%d,%d',' p_microseconds, p_timer_inst_ref','','    e->p_microseconds = p_microseconds;    e->p_timer_inst_ref = p_timer_inst_ref;','    e->p_microseconds = p_microseconds;    e->p_timer_inst_ref = p_timer_inst_ref;','','TIM_timer_reset_time','bool',0,"00000000-0000-0000-0000-000000000000",'','' );
INSERT INTO TE_ABA VALUES ( "00000000-0000-0000-0000-000000000109",'S_BRG',"00000000-0000-0000-0000-000000000000",0,0,1,' const i_t, Escher_Timer_t ',' const i_t p_microseconds, Escher_Timer_t p_timer_inst_ref ','i_t p_microseconds;
Escher_Timer_t p_timer_inst_ref;
',', p_microseconds, p_timer_inst_ref','%d,%d',' p_microseconds, p_timer_inst_ref','','    e->p_microseconds = p_microseconds;    e->p_timer_inst_ref = p_timer_inst_ref;','    e->p_microseconds = p_microseconds;    e->p_timer_inst_ref = p_timer_inst_ref;','','TIM_timer_add_time','bool',0,"00000000-0000-0000-0000-000000000000",'','' );
INSERT INTO TE_ABA VALUES ( "00000000-0000-0000-0000-00000000010b",'S_BRG',"00000000-0000-0000-0000-000000000000",0,0,1,' Escher_Timer_t ',' Escher_Timer_t p_timer_inst_ref ','Escher_Timer_t p_timer_inst_ref;
',', p_timer_inst_ref','%d',' p_timer_inst_ref','','    e->p_timer_inst_ref = p_timer_inst_ref;','    e->p_timer_inst_ref = p_timer_inst_ref;','','TIM_timer_cancel','bool',0,"00000000-0000-0000-0000-000000000000",'','' );
INSERT INTO TE_ABA VALUES ( "00000000-0000-0000-0000-00000000010d",'S_BRG',"00000000-0000-0000-0000-000000000000",0,0,1,' const r_t ',' const r_t p_x ','r_t p_x;
',', p_x','%f',' p_x','','    e->p_x = p_x;','    e->p_x = p_x;','','MATH_sqrt','r_t',0,"00000000-0000-0000-0000-000000000000",'','' );
INSERT INTO TE_ABA VALUES ( "00000000-0000-0000-0000-00000000010f",'S_BRG',"00000000-0000-0000-0000-000000000000",0,0,1,' c_t[ESCHER_SYS_MAX_STRING_LEN] ',' c_t p_str[ESCHER_SYS_MAX_STRING_LEN] ','c_t p_str[ESCHER_SYS_MAX_STRING_LEN];
','','[]',' p_str','','    Escher_strcpy( e->p_str, p_str );','    Escher_strcpy( e->p_str, p_str );','','Ship_send','void',0,"00000000-0000-0000-0000-000000000000",'','' );
INSERT INTO TE_C VALUES ( "00000000-0000-0000-0000-00000000001a",'ship','',0,1,1,1,0,0,1,0,'ship_classes',10,0,0,0,2,0,1,0,0,0,'ship',1,1,0,1,"00000000-0000-0000-0000-000000000000","00000000-0000-0000-0000-000000000003","00000000-0000-0000-0000-000000000000","00000000-0000-0000-0000-000000000033",'','','"Controller"',"00000000-0000-0000-0000-00000000002d" );
INSERT INTO TE_EE VALUES ( 'Ship','Ship','Ship','',1,'Ship_bridge','Ship_bridge.h',0,"00000000-0000-0000-0000-000000000000","00000000-0000-0000-0000-0000000000f4","00000000-0000-0000-0000-000000000035","00000000-0000-0000-0000-000000000000" );
INSERT INTO TE_EE VALUES ( 'Math','MATH','MATH','',0,'MATH_bridge','MATH_bridge.h',0,"00000000-0000-0000-0000-000000000000","00000000-0000-0000-0000-0000000000ef","00000000-0000-0000-0000-000000000037","00000000-0000-0000-0000-000000000000" );
INSERT INTO TE_EE VALUES ( 'Time','TIM','TIM','The Time external entity provides date, timestamp, and timer related operations.',1,'TIM_bridge','TIM_bridge.h',0,"00000000-0000-0000-0000-000000000000","00000000-0000-0000-0000-0000000000ac","00000000-0000-0000-0000-000000000039","00000000-0000-0000-0000-000000000000" );
INSERT INTO TE_EE VALUES ( 'Logging','LOG','LOG','',0,'LOG_bridge','LOG_bridge.h',0,"00000000-0000-0000-0000-000000000000","00000000-0000-0000-0000-000000000089","00000000-0000-0000-0000-00000000003b","00000000-0000-0000-0000-000000000000" );
INSERT INTO TE_EE VALUES ( 'Architecture','ARCH','ARCH','',0,'ARCH_bridge','ARCH_bridge.h',0,"00000000-0000-0000-0000-000000000000","00000000-0000-0000-0000-000000000084","00000000-0000-0000-0000-00000000003d","00000000-0000-0000-0000-000000000000" );
INSERT INTO TE_DT VALUES ( "00000000-0000-0000-0000-00000000001c",'timestamp',11,1,'Escher_TimeStamp_t','shipctrl_sys_types.h','CTOR','',0,'shipctrl','%d',0,"00000000-0000-0000-0000-000000000000","00000000-0000-0000-0000-00000000009e" );
INSERT INTO TE_DT VALUES ( "00000000-0000-0000-0000-00000000001d",'inst_ref<Timer>',12,1,'Escher_Timer_t','shipctrl_sys_types.h','0','',0,'shipctrl','%d',0,"00000000-0000-0000-0000-000000000000","00000000-0000-0000-0000-000000000037" );
INSERT INTO TE_DT VALUES ( "00000000-0000-0000-0000-00000000001e",'date',11,1,'Escher_Date_t','shipctrl_sys_types.h','CTOR','',0,'shipctrl','%d',0,"00000000-0000-0000-0000-000000000000","00000000-0000-0000-0000-000000000098" );
INSERT INTO TE_DT VALUES ( "00000000-0000-0000-0000-00000000001f",'component_ref',13,0,'','shipctrl_sys_types.h','','',0,'shipctrl','%x',0,"00000000-0000-0000-0000-000000000000","00000000-0000-0000-0000-0000000000fd" );
INSERT INTO TE_DT VALUES ( "00000000-0000-0000-0000-000000000020",'inst_ref<Mapping>',12,0,'i_t','shipctrl_sys_types.h','0','',0,'shipctrl','%d',0,"00000000-0000-0000-0000-000000000000","00000000-0000-0000-0000-0000000000fc" );
INSERT INTO TE_DT VALUES ( "00000000-0000-0000-0000-000000000021",'inst<Mapping>',11,0,'','shipctrl_sys_types.h','','',0,'shipctrl','%d',0,"00000000-0000-0000-0000-000000000000","00000000-0000-0000-0000-0000000000fb" );
INSERT INTO TE_DT VALUES ( "00000000-0000-0000-0000-000000000022",'inst<Event>',10,1,'Escher_xtUMLEvent_t *','shipctrl_sys_types.h','0','',0,'shipctrl','%p',0,"00000000-0000-0000-0000-000000000000","00000000-0000-0000-0000-00000000003b" );
INSERT INTO TE_DT VALUES ( "00000000-0000-0000-0000-000000000023",'inst_ref_set<Object>',9,0,'Escher_ObjectSet_s *','shipctrl_sys_types.h','','',0,'shipctrl','%p',0,"00000000-0000-0000-0000-000000000000","00000000-0000-0000-0000-0000000000fa" );
INSERT INTO TE_DT VALUES ( "00000000-0000-0000-0000-000000000024",'inst_ref<Object>',8,0,'void *','shipctrl_sys_types.h','','',0,'shipctrl','%p',0,"00000000-0000-0000-0000-000000000000","00000000-0000-0000-0000-000000000023" );
INSERT INTO TE_DT VALUES ( "00000000-0000-0000-0000-000000000025",'same_as<Base_Attribute>',7,0,'','shipctrl_sys_types.h','','',0,'shipctrl','%p',0,"00000000-0000-0000-0000-000000000000","00000000-0000-0000-0000-0000000000f9" );
INSERT INTO TE_DT VALUES ( "00000000-0000-0000-0000-000000000026",'state<State_Model>',6,0,'','shipctrl_sys_types.h','','',0,'shipctrl','%d',0,"00000000-0000-0000-0000-000000000000","00000000-0000-0000-0000-00000000003f" );
INSERT INTO TE_DT VALUES ( "00000000-0000-0000-0000-000000000027",'unique_id',5,0,'Escher_UniqueID_t','shipctrl_sys_types.h','0','',0,'shipctrl','%s',0,"00000000-0000-0000-0000-000000000000","00000000-0000-0000-0000-0000000000f8" );
INSERT INTO TE_DT VALUES ( "00000000-0000-0000-0000-000000000028",'string',4,1,'c_t','shipctrl_sys_types.h','CTOR','',0,'shipctrl','%s',0,"00000000-0000-0000-0000-000000000000","00000000-0000-0000-0000-00000000006c" );
INSERT INTO TE_DT VALUES ( "00000000-0000-0000-0000-000000000029",'real',3,1,'r_t','shipctrl_sys_types.h','0.0','',0,'shipctrl','%f',0,"00000000-0000-0000-0000-000000000000","00000000-0000-0000-0000-0000000000a4" );
INSERT INTO TE_DT VALUES ( "00000000-0000-0000-0000-00000000002a",'integer',2,1,'i_t','shipctrl_sys_types.h','0','',0,'shipctrl','%d',0,"00000000-0000-0000-0000-000000000000","00000000-0000-0000-0000-000000000008" );
INSERT INTO TE_DT VALUES ( "00000000-0000-0000-0000-00000000002b",'boolean',1,0,'bool','shipctrl_sys_types.h','false','',0,'shipctrl','%d',0,"00000000-0000-0000-0000-000000000000","00000000-0000-0000-0000-000000000065" );
INSERT INTO TE_DT VALUES ( "00000000-0000-0000-0000-00000000002c",'void',0,0,'void','shipctrl_sys_types.h','0','',0,'shipctrl','',0,"00000000-0000-0000-0000-000000000000","00000000-0000-0000-0000-000000000006" );
INSERT INTO TE_ACT VALUES ( "00000000-0000-0000-0000-0000000000cf",'ship_Controller_act1',0,"00000000-0000-0000-0000-000000000040","00000000-0000-0000-0000-00000000004e" );
INSERT INTO TE_ACT VALUES ( "00000000-0000-0000-0000-0000000000d2",'ship_Controller_act2',0,"00000000-0000-0000-0000-000000000040","00000000-0000-0000-0000-000000000052" );
INSERT INTO TE_ACT VALUES ( "00000000-0000-0000-0000-0000000000d5",'ship_Controller_act3',0,"00000000-0000-0000-0000-000000000040","00000000-0000-0000-0000-000000000056" );
INSERT INTO TE_ACT VALUES ( "00000000-0000-0000-0000-0000000000d8",'ship_Controller_act4',0,"00000000-0000-0000-0000-000000000040","00000000-0000-0000-0000-000000000070" );
INSERT INTO TE_SYNC VALUES ( 'timer',0,0,0,1,0,"00000000-0000-0000-0000-0000000000c8",'ship_timer','ship_timer','ship_timer_deferred',"00000000-0000-0000-0000-00000000001a","00000000-0000-0000-0000-00000000002b","00000000-0000-0000-0000-00000000002f","00000000-0000-0000-0000-000000000000" );
INSERT INTO TE_SYNC VALUES ( 'setup',0,0,0,1,0,"00000000-0000-0000-0000-0000000000c9",'ship_setup','ship_setup','ship_setup_deferred',"00000000-0000-0000-0000-00000000001a","00000000-0000-0000-0000-000000000024","00000000-0000-0000-0000-000000000031","00000000-0000-0000-0000-00000000002f" );
INSERT INTO TE_SYNC VALUES ( 'recv_state',0,0,0,1,0,"00000000-0000-0000-0000-0000000000ca",'ship_recv_state','ship_recv_state','ship_recv_state_deferred',"00000000-0000-0000-0000-00000000001a","00000000-0000-0000-0000-000000000005","00000000-0000-0000-0000-000000000033","00000000-0000-0000-0000-000000000031" );
INSERT INTO TE_BRG VALUES ( 'Architecture','ARCH','shutdown','ARCH_shutdown',"00000000-0000-0000-0000-0000000000df","00000000-0000-0000-0000-000000000085","00000000-0000-0000-0000-000000000084" );
INSERT INTO TE_BRG VALUES ( 'Logging','LOG','LogSuccess','LOG_LogSuccess',"00000000-0000-0000-0000-0000000000e1","00000000-0000-0000-0000-00000000008a","00000000-0000-0000-0000-000000000089" );
INSERT INTO TE_BRG VALUES ( 'Logging','LOG','LogFailure','LOG_LogFailure',"00000000-0000-0000-0000-0000000000e3","00000000-0000-0000-0000-00000000008e","00000000-0000-0000-0000-000000000089" );
INSERT INTO TE_BRG VALUES ( 'Logging','LOG','LogInfo','LOG_LogInfo',"00000000-0000-0000-0000-0000000000e5","00000000-0000-0000-0000-000000000092","00000000-0000-0000-0000-000000000089" );
INSERT INTO TE_BRG VALUES ( 'Logging','LOG','LogDate','LOG_LogDate',"00000000-0000-0000-0000-0000000000e7","00000000-0000-0000-0000-000000000096","00000000-0000-0000-0000-000000000089" );
INSERT INTO TE_BRG VALUES ( 'Logging','LOG','LogTime','LOG_LogTime',"00000000-0000-0000-0000-0000000000e9","00000000-0000-0000-0000-00000000009c","00000000-0000-0000-0000-000000000089" );
INSERT INTO TE_BRG VALUES ( 'Logging','LOG','LogReal','LOG_LogReal',"00000000-0000-0000-0000-0000000000eb","00000000-0000-0000-0000-0000000000a2","00000000-0000-0000-0000-000000000089" );
INSERT INTO TE_BRG VALUES ( 'Logging','LOG','LogInteger','LOG_LogInteger',"00000000-0000-0000-0000-0000000000ed","00000000-0000-0000-0000-0000000000a8","00000000-0000-0000-0000-000000000089" );
INSERT INTO TE_BRG VALUES ( 'Time','TIM','current_date','TIM_current_date',"00000000-0000-0000-0000-0000000000ef","00000000-0000-0000-0000-0000000000ad","00000000-0000-0000-0000-0000000000ac" );
INSERT INTO TE_BRG VALUES ( 'Time','TIM','create_date','TIM_create_date',"00000000-0000-0000-0000-0000000000f1","00000000-0000-0000-0000-0000000000b0","00000000-0000-0000-0000-0000000000ac" );
INSERT INTO TE_BRG VALUES ( 'Time','TIM','get_second','TIM_get_second',"00000000-0000-0000-0000-0000000000f3","00000000-0000-0000-0000-0000000000b9","00000000-0000-0000-0000-0000000000ac" );
INSERT INTO TE_BRG VALUES ( 'Time','TIM','get_minute','TIM_get_minute',"00000000-0000-0000-0000-0000000000f5","00000000-0000-0000-0000-0000000000bd","00000000-0000-0000-0000-0000000000ac" );
INSERT INTO TE_BRG VALUES ( 'Time','TIM','get_hour','TIM_get_hour',"00000000-0000-0000-0000-0000000000f7","00000000-0000-0000-0000-0000000000c1","00000000-0000-0000-0000-0000000000ac" );
INSERT INTO TE_BRG VALUES ( 'Time','TIM','get_day','TIM_get_day',"00000000-0000-0000-0000-0000000000f9","00000000-0000-0000-0000-0000000000c5","00000000-0000-0000-0000-0000000000ac" );
INSERT INTO TE_BRG VALUES ( 'Time','TIM','get_month','TIM_get_month',"00000000-0000-0000-0000-0000000000fb","00000000-0000-0000-0000-0000000000c9","00000000-0000-0000-0000-0000000000ac" );
INSERT INTO TE_BRG VALUES ( 'Time','TIM','get_year','TIM_get_year',"00000000-0000-0000-0000-0000000000fd","00000000-0000-0000-0000-0000000000cd","00000000-0000-0000-0000-0000000000ac" );
INSERT INTO TE_BRG VALUES ( 'Time','TIM','current_clock','TIM_current_clock',"00000000-0000-0000-0000-0000000000ff","00000000-0000-0000-0000-0000000000d1","00000000-0000-0000-0000-0000000000ac" );
INSERT INTO TE_BRG VALUES ( 'Time','TIM','timer_start','TIM_timer_start',"00000000-0000-0000-0000-000000000101","00000000-0000-0000-0000-000000000039","00000000-0000-0000-0000-0000000000ac" );
INSERT INTO TE_BRG VALUES ( 'Time','TIM','timer_start_recurring','TIM_timer_start_recurring',"00000000-0000-0000-0000-000000000103","00000000-0000-0000-0000-0000000000d8","00000000-0000-0000-0000-0000000000ac" );
INSERT INTO TE_BRG VALUES ( 'Time','TIM','timer_remaining_time','TIM_timer_remaining_time',"00000000-0000-0000-0000-000000000105","00000000-0000-0000-0000-0000000000dd","00000000-0000-0000-0000-0000000000ac" );
INSERT INTO TE_BRG VALUES ( 'Time','TIM','timer_reset_time','TIM_timer_reset_time',"00000000-0000-0000-0000-000000000107","00000000-0000-0000-0000-0000000000e1","00000000-0000-0000-0000-0000000000ac" );
INSERT INTO TE_BRG VALUES ( 'Time','TIM','timer_add_time','TIM_timer_add_time',"00000000-0000-0000-0000-000000000109","00000000-0000-0000-0000-0000000000e6","00000000-0000-0000-0000-0000000000ac" );
INSERT INTO TE_BRG VALUES ( 'Time','TIM','timer_cancel','TIM_timer_cancel',"00000000-0000-0000-0000-00000000010b","00000000-0000-0000-0000-0000000000eb","00000000-0000-0000-0000-0000000000ac" );
INSERT INTO TE_BRG VALUES ( 'Math','MATH','sqrt','MATH_sqrt',"00000000-0000-0000-0000-00000000010d","00000000-0000-0000-0000-0000000000f0","00000000-0000-0000-0000-0000000000ef" );
INSERT INTO TE_BRG VALUES ( 'Ship','Ship','send','Ship_send',"00000000-0000-0000-0000-00000000010f","00000000-0000-0000-0000-000000000069","00000000-0000-0000-0000-0000000000f4" );
INSERT INTO TE_PARM VALUES ( 'A0xtumlsret','',0,'','',"00000000-0000-0000-0000-00000000003e","00000000-0000-0000-0000-000000000000",'A0xtumlsret',0,"00000000-0000-0000-0000-000000000028",1,"00000000-0000-0000-0000-000000000000",'[ESCHER_SYS_MAX_STRING_LEN]',"00000000-0000-0000-0000-000000000000","00000000-0000-0000-0000-000000000000","00000000-0000-0000-0000-000000000000","00000000-0000-0000-0000-000000000000","00000000-0000-0000-0000-000000000000","00000000-0000-0000-0000-000000000000","00000000-0000-0000-0000-000000000000" );
INSERT INTO TE_PARM VALUES ( 'str','',0,'"angle 180"','str:angle 180',"00000000-0000-0000-0000-000000000054","00000000-0000-0000-0000-000000000000",'p_str',0,"00000000-0000-0000-0000-000000000028",1,"00000000-0000-0000-0000-000000000000",'[ESCHER_SYS_MAX_STRING_LEN]',"00000000-0000-0000-0000-00000000010f","00000000-0000-0000-0000-000000000000","00000000-0000-0000-0000-000000000000","00000000-0000-0000-0000-000000000000","00000000-0000-0000-0000-000000000000","00000000-0000-0000-0000-000000000000","00000000-0000-0000-0000-0000000000f5" );
INSERT INTO TE_PARM VALUES ( 'x','',0,'','',"00000000-0000-0000-0000-000000000055","00000000-0000-0000-0000-000000000000",'p_x',0,"00000000-0000-0000-0000-000000000029",0,"00000000-0000-0000-0000-000000000000",'',"00000000-0000-0000-0000-00000000010d","00000000-0000-0000-0000-000000000000","00000000-0000-0000-0000-000000000000","00000000-0000-0000-0000-000000000000","00000000-0000-0000-0000-000000000000","00000000-0000-0000-0000-000000000000","00000000-0000-0000-0000-0000000000f1" );
INSERT INTO TE_PARM VALUES ( 'timer_inst_ref','',0,'','',"00000000-0000-0000-0000-000000000056","00000000-0000-0000-0000-000000000000",'p_timer_inst_ref',0,"00000000-0000-0000-0000-00000000001d",0,"00000000-0000-0000-0000-000000000000",'',"00000000-0000-0000-0000-00000000010b","00000000-0000-0000-0000-000000000000","00000000-0000-0000-0000-000000000000","00000000-0000-0000-0000-000000000000","00000000-0000-0000-0000-000000000000","00000000-0000-0000-0000-000000000000","00000000-0000-0000-0000-0000000000ec" );
INSERT INTO TE_PARM VALUES ( 'microseconds','',0,'','',"00000000-0000-0000-0000-000000000057","00000000-0000-0000-0000-000000000058",'p_microseconds',0,"00000000-0000-0000-0000-00000000002a",0,"00000000-0000-0000-0000-000000000000",'',"00000000-0000-0000-0000-000000000109","00000000-0000-0000-0000-000000000000","00000000-0000-0000-0000-000000000000","00000000-0000-0000-0000-000000000000","00000000-0000-0000-0000-000000000000","00000000-0000-0000-0000-000000000000","00000000-0000-0000-0000-0000000000e8" );
INSERT INTO TE_PARM VALUES ( 'timer_inst_ref','',1,'','',"00000000-0000-0000-0000-000000000058","00000000-0000-0000-0000-000000000000",'p_timer_inst_ref',0,"00000000-0000-0000-0000-00000000001d",0,"00000000-0000-0000-0000-000000000000",'',"00000000-0000-0000-0000-000000000109","00000000-0000-0000-0000-000000000000","00000000-0000-0000-0000-000000000000","00000000-0000-0000-0000-000000000000","00000000-0000-0000-0000-000000000000","00000000-0000-0000-0000-000000000000","00000000-0000-0000-0000-0000000000e7" );
INSERT INTO TE_PARM VALUES ( 'microseconds','',0,'','',"00000000-0000-0000-0000-000000000059","00000000-0000-0000-0000-00000000005a",'p_microseconds',0,"00000000-0000-0000-0000-00000000002a",0,"00000000-0000-0000-0000-000000000000",'',"00000000-0000-0000-0000-000000000107","00000000-0000-0000-0000-000000000000","00000000-0000-0000-0000-000000000000","00000000-0000-0000-0000-000000000000","00000000-0000-0000-0000-000000000000","00000000-0000-0000-0000-000000000000","00000000-0000-0000-0000-0000000000e3" );
INSERT INTO TE_PARM VALUES ( 'timer_inst_ref','',1,'','',"00000000-0000-0000-0000-00000000005a","00000000-0000-0000-0000-000000000000",'p_timer_inst_ref',0,"00000000-0000-0000-0000-00000000001d",0,"00000000-0000-0000-0000-000000000000",'',"00000000-0000-0000-0000-000000000107","00000000-0000-0000-0000-000000000000","00000000-0000-0000-0000-000000000000","00000000-0000-0000-0000-000000000000","00000000-0000-0000-0000-000000000000","00000000-0000-0000-0000-000000000000","00000000-0000-0000-0000-0000000000e2" );
INSERT INTO TE_PARM VALUES ( 'timer_inst_ref','',0,'','',"00000000-0000-0000-0000-00000000005b","00000000-0000-0000-0000-000000000000",'p_timer_inst_ref',0,"00000000-0000-0000-0000-00000000001d",0,"00000000-0000-0000-0000-000000000000",'',"00000000-0000-0000-0000-000000000105","00000000-0000-0000-0000-000000000000","00000000-0000-0000-0000-000000000000","00000000-0000-0000-0000-000000000000","00000000-0000-0000-0000-000000000000","00000000-0000-0000-0000-000000000000","00000000-0000-0000-0000-0000000000de" );
INSERT INTO TE_PARM VALUES ( 'event_inst','',0,'','',"00000000-0000-0000-0000-00000000005c","00000000-0000-0000-0000-00000000005d",'p_event_inst',0,"00000000-0000-0000-0000-000000000022",0,"00000000-0000-0000-0000-000000000000",'',"00000000-0000-0000-0000-000000000103","00000000-0000-0000-0000-000000000000","00000000-0000-0000-0000-000000000000","00000000-0000-0000-0000-000000000000","00000000-0000-0000-0000-000000000000","00000000-0000-0000-0000-000000000000","00000000-0000-0000-0000-0000000000da" );
INSERT INTO TE_PARM VALUES ( 'microseconds','',1,'','',"00000000-0000-0000-0000-00000000005d","00000000-0000-0000-0000-000000000000",'p_microseconds',0,"00000000-0000-0000-0000-00000000002a",0,"00000000-0000-0000-0000-000000000000",'',"00000000-0000-0000-0000-000000000103","00000000-0000-0000-0000-000000000000","00000000-0000-0000-0000-000000000000","00000000-0000-0000-0000-000000000000","00000000-0000-0000-0000-000000000000","00000000-0000-0000-0000-000000000000","00000000-0000-0000-0000-0000000000d9" );
INSERT INTO TE_PARM VALUES ( 'event_inst','',0,'','',"00000000-0000-0000-0000-00000000005e","00000000-0000-0000-0000-00000000005f",'p_event_inst',0,"00000000-0000-0000-0000-000000000022",0,"00000000-0000-0000-0000-000000000000",'',"00000000-0000-0000-0000-000000000101","00000000-0000-0000-0000-000000000000","00000000-0000-0000-0000-000000000000","00000000-0000-0000-0000-000000000000","00000000-0000-0000-0000-000000000000","00000000-0000-0000-0000-000000000000","00000000-0000-0000-0000-0000000000d5" );
INSERT INTO TE_PARM VALUES ( 'microseconds','',1,'(Escher_xtUMLEvent_t *)timeout, p_microseconds','event_inst:timeout, microseconds:PARAM.microseconds',"00000000-0000-0000-0000-00000000005f","00000000-0000-0000-0000-000000000000",'p_microseconds',0,"00000000-0000-0000-0000-00000000002a",0,"00000000-0000-0000-0000-000000000000",'',"00000000-0000-0000-0000-000000000101","00000000-0000-0000-0000-000000000000","00000000-0000-0000-0000-000000000000","00000000-0000-0000-0000-000000000000","00000000-0000-0000-0000-000000000000","00000000-0000-0000-0000-000000000000","00000000-0000-0000-0000-0000000000d4" );
INSERT INTO TE_PARM VALUES ( 'date','',0,'','',"00000000-0000-0000-0000-000000000060","00000000-0000-0000-0000-000000000000",'p_date',0,"00000000-0000-0000-0000-00000000001e",0,"00000000-0000-0000-0000-000000000000",'',"00000000-0000-0000-0000-0000000000fd","00000000-0000-0000-0000-000000000000","00000000-0000-0000-0000-000000000000","00000000-0000-0000-0000-000000000000","00000000-0000-0000-0000-000000000000","00000000-0000-0000-0000-000000000000","00000000-0000-0000-0000-0000000000ce" );
INSERT INTO TE_PARM VALUES ( 'date','',0,'','',"00000000-0000-0000-0000-000000000061","00000000-0000-0000-0000-000000000000",'p_date',0,"00000000-0000-0000-0000-00000000001e",0,"00000000-0000-0000-0000-000000000000",'',"00000000-0000-0000-0000-0000000000fb","00000000-0000-0000-0000-000000000000","00000000-0000-0000-0000-000000000000","00000000-0000-0000-0000-000000000000","00000000-0000-0000-0000-000000000000","00000000-0000-0000-0000-000000000000","00000000-0000-0000-0000-0000000000ca" );
INSERT INTO TE_PARM VALUES ( 'date','',0,'','',"00000000-0000-0000-0000-000000000062","00000000-0000-0000-0000-000000000000",'p_date',0,"00000000-0000-0000-0000-00000000001e",0,"00000000-0000-0000-0000-000000000000",'',"00000000-0000-0000-0000-0000000000f9","00000000-0000-0000-0000-000000000000","00000000-0000-0000-0000-000000000000","00000000-0000-0000-0000-000000000000","00000000-0000-0000-0000-000000000000","00000000-0000-0000-0000-000000000000","00000000-0000-0000-0000-0000000000c6" );
INSERT INTO TE_PARM VALUES ( 'date','',0,'','',"00000000-0000-0000-0000-000000000063","00000000-0000-0000-0000-000000000000",'p_date',0,"00000000-0000-0000-0000-00000000001e",0,"00000000-0000-0000-0000-000000000000",'',"00000000-0000-0000-0000-0000000000f7","00000000-0000-0000-0000-000000000000","00000000-0000-0000-0000-000000000000","00000000-0000-0000-0000-000000000000","00000000-0000-0000-0000-000000000000","00000000-0000-0000-0000-000000000000","00000000-0000-0000-0000-0000000000c2" );
INSERT INTO TE_PARM VALUES ( 'date','',0,'','',"00000000-0000-0000-0000-000000000064","00000000-0000-0000-0000-000000000000",'p_date',0,"00000000-0000-0000-0000-00000000001e",0,"00000000-0000-0000-0000-000000000000",'',"00000000-0000-0000-0000-0000000000f5","00000000-0000-0000-0000-000000000000","00000000-0000-0000-0000-000000000000","00000000-0000-0000-0000-000000000000","00000000-0000-0000-0000-000000000000","00000000-0000-0000-0000-000000000000","00000000-0000-0000-0000-0000000000be" );
INSERT INTO TE_PARM VALUES ( 'date','',0,'','',"00000000-0000-0000-0000-000000000065","00000000-0000-0000-0000-000000000000",'p_date',0,"00000000-0000-0000-0000-00000000001e",0,"00000000-0000-0000-0000-000000000000",'',"00000000-0000-0000-0000-0000000000f3","00000000-0000-0000-0000-000000000000","00000000-0000-0000-0000-000000000000","00000000-0000-0000-0000-000000000000","00000000-0000-0000-0000-000000000000","00000000-0000-0000-0000-000000000000","00000000-0000-0000-0000-0000000000ba" );
INSERT INTO TE_PARM VALUES ( 'year','',5,'','',"00000000-0000-0000-0000-000000000066","00000000-0000-0000-0000-000000000000",'p_year',0,"00000000-0000-0000-0000-00000000002a",0,"00000000-0000-0000-0000-000000000000",'',"00000000-0000-0000-0000-0000000000f1","00000000-0000-0000-0000-000000000000","00000000-0000-0000-0000-000000000000","00000000-0000-0000-0000-000000000000","00000000-0000-0000-0000-000000000000","00000000-0000-0000-0000-000000000000","00000000-0000-0000-0000-0000000000b6" );
INSERT INTO TE_PARM VALUES ( 'month','',3,'','',"00000000-0000-0000-0000-000000000067","00000000-0000-0000-0000-00000000006b",'p_month',0,"00000000-0000-0000-0000-00000000002a",0,"00000000-0000-0000-0000-000000000000",'',"00000000-0000-0000-0000-0000000000f1","00000000-0000-0000-0000-000000000000","00000000-0000-0000-0000-000000000000","00000000-0000-0000-0000-000000000000","00000000-0000-0000-0000-000000000000","00000000-0000-0000-0000-000000000000","00000000-0000-0000-0000-0000000000b2" );
INSERT INTO TE_PARM VALUES ( 'day','',0,'','',"00000000-0000-0000-0000-000000000068","00000000-0000-0000-0000-000000000069",'p_day',0,"00000000-0000-0000-0000-00000000002a",0,"00000000-0000-0000-0000-000000000000",'',"00000000-0000-0000-0000-0000000000f1","00000000-0000-0000-0000-000000000000","00000000-0000-0000-0000-000000000000","00000000-0000-0000-0000-000000000000","00000000-0000-0000-0000-000000000000","00000000-0000-0000-0000-000000000000","00000000-0000-0000-0000-0000000000b5" );
INSERT INTO TE_PARM VALUES ( 'hour','',1,'','',"00000000-0000-0000-0000-000000000069","00000000-0000-0000-0000-00000000006a",'p_hour',0,"00000000-0000-0000-0000-00000000002a",0,"00000000-0000-0000-0000-000000000000",'',"00000000-0000-0000-0000-0000000000f1","00000000-0000-0000-0000-000000000000","00000000-0000-0000-0000-000000000000","00000000-0000-0000-0000-000000000000","00000000-0000-0000-0000-000000000000","00000000-0000-0000-0000-000000000000","00000000-0000-0000-0000-0000000000b4" );
INSERT INTO TE_PARM VALUES ( 'minute','',2,'','',"00000000-0000-0000-0000-00000000006a","00000000-0000-0000-0000-000000000067",'p_minute',0,"00000000-0000-0000-0000-00000000002a",0,"00000000-0000-0000-0000-000000000000",'',"00000000-0000-0000-0000-0000000000f1","00000000-0000-0000-0000-000000000000","00000000-0000-0000-0000-000000000000","00000000-0000-0000-0000-000000000000","00000000-0000-0000-0000-000000000000","00000000-0000-0000-0000-000000000000","00000000-0000-0000-0000-0000000000b3" );
INSERT INTO TE_PARM VALUES ( 'second','',4,'','',"00000000-0000-0000-0000-00000000006b","00000000-0000-0000-0000-000000000066",'p_second',0,"00000000-0000-0000-0000-00000000002a",0,"00000000-0000-0000-0000-000000000000",'',"00000000-0000-0000-0000-0000000000f1","00000000-0000-0000-0000-000000000000","00000000-0000-0000-0000-000000000000","00000000-0000-0000-0000-000000000000","00000000-0000-0000-0000-000000000000","00000000-0000-0000-0000-000000000000","00000000-0000-0000-0000-0000000000b1" );
INSERT INTO TE_PARM VALUES ( 'message','',0,'','',"00000000-0000-0000-0000-00000000006c","00000000-0000-0000-0000-000000000000",'p_message',0,"00000000-0000-0000-0000-00000000002a",0,"00000000-0000-0000-0000-000000000000",'',"00000000-0000-0000-0000-0000000000ed","00000000-0000-0000-0000-000000000000","00000000-0000-0000-0000-000000000000","00000000-0000-0000-0000-000000000000","00000000-0000-0000-0000-000000000000","00000000-0000-0000-0000-000000000000","00000000-0000-0000-0000-0000000000a9" );
INSERT INTO TE_PARM VALUES ( 'message','',0,'','',"00000000-0000-0000-0000-00000000006d","00000000-0000-0000-0000-00000000006e",'p_message',0,"00000000-0000-0000-0000-000000000028",1,"00000000-0000-0000-0000-000000000000",'[ESCHER_SYS_MAX_STRING_LEN]',"00000000-0000-0000-0000-0000000000eb","00000000-0000-0000-0000-000000000000","00000000-0000-0000-0000-000000000000","00000000-0000-0000-0000-000000000000","00000000-0000-0000-0000-000000000000","00000000-0000-0000-0000-000000000000","00000000-0000-0000-0000-0000000000a5" );
INSERT INTO TE_PARM VALUES ( 'r','',1,'','',"00000000-0000-0000-0000-00000000006e","00000000-0000-0000-0000-000000000000",'p_r',0,"00000000-0000-0000-0000-000000000029",0,"00000000-0000-0000-0000-000000000000",'',"00000000-0000-0000-0000-0000000000eb","00000000-0000-0000-0000-000000000000","00000000-0000-0000-0000-000000000000","00000000-0000-0000-0000-000000000000","00000000-0000-0000-0000-000000000000","00000000-0000-0000-0000-000000000000","00000000-0000-0000-0000-0000000000a3" );
INSERT INTO TE_PARM VALUES ( 'message','',0,'','',"00000000-0000-0000-0000-00000000006f","00000000-0000-0000-0000-000000000070",'p_message',0,"00000000-0000-0000-0000-000000000028",1,"00000000-0000-0000-0000-000000000000",'[ESCHER_SYS_MAX_STRING_LEN]',"00000000-0000-0000-0000-0000000000e9","00000000-0000-0000-0000-000000000000","00000000-0000-0000-0000-000000000000","00000000-0000-0000-0000-000000000000","00000000-0000-0000-0000-000000000000","00000000-0000-0000-0000-000000000000","00000000-0000-0000-0000-00000000009f" );
INSERT INTO TE_PARM VALUES ( 't','',1,'','',"00000000-0000-0000-0000-000000000070","00000000-0000-0000-0000-000000000000",'p_t',0,"00000000-0000-0000-0000-00000000001c",0,"00000000-0000-0000-0000-000000000000",'',"00000000-0000-0000-0000-0000000000e9","00000000-0000-0000-0000-000000000000","00000000-0000-0000-0000-000000000000","00000000-0000-0000-0000-000000000000","00000000-0000-0000-0000-000000000000","00000000-0000-0000-0000-000000000000","00000000-0000-0000-0000-00000000009d" );
INSERT INTO TE_PARM VALUES ( 'message','',1,'','',"00000000-0000-0000-0000-000000000071","00000000-0000-0000-0000-000000000000",'p_message',0,"00000000-0000-0000-0000-000000000028",1,"00000000-0000-0000-0000-000000000000",'[ESCHER_SYS_MAX_STRING_LEN]',"00000000-0000-0000-0000-0000000000e7","00000000-0000-0000-0000-000000000000","00000000-0000-0000-0000-000000000000","00000000-0000-0000-0000-000000000000","00000000-0000-0000-0000-000000000000","00000000-0000-0000-0000-000000000000","00000000-0000-0000-0000-000000000099" );
INSERT INTO TE_PARM VALUES ( 'd','',0,'','',"00000000-0000-0000-0000-000000000072","00000000-0000-0000-0000-000000000071",'p_d',0,"00000000-0000-0000-0000-00000000001e",0,"00000000-0000-0000-0000-000000000000",'',"00000000-0000-0000-0000-0000000000e7","00000000-0000-0000-0000-000000000000","00000000-0000-0000-0000-000000000000","00000000-0000-0000-0000-000000000000","00000000-0000-0000-0000-000000000000","00000000-0000-0000-0000-000000000000","00000000-0000-0000-0000-000000000097" );
INSERT INTO TE_PARM VALUES ( 'message','',0,'','',"00000000-0000-0000-0000-000000000073","00000000-0000-0000-0000-000000000000",'p_message',0,"00000000-0000-0000-0000-000000000028",1,"00000000-0000-0000-0000-000000000000",'[ESCHER_SYS_MAX_STRING_LEN]',"00000000-0000-0000-0000-0000000000e5","00000000-0000-0000-0000-000000000000","00000000-0000-0000-0000-000000000000","00000000-0000-0000-0000-000000000000","00000000-0000-0000-0000-000000000000","00000000-0000-0000-0000-000000000000","00000000-0000-0000-0000-000000000093" );
INSERT INTO TE_PARM VALUES ( 'message','',0,'','',"00000000-0000-0000-0000-000000000074","00000000-0000-0000-0000-000000000000",'p_message',0,"00000000-0000-0000-0000-000000000028",1,"00000000-0000-0000-0000-000000000000",'[ESCHER_SYS_MAX_STRING_LEN]',"00000000-0000-0000-0000-0000000000e3","00000000-0000-0000-0000-000000000000","00000000-0000-0000-0000-000000000000","00000000-0000-0000-0000-000000000000","00000000-0000-0000-0000-000000000000","00000000-0000-0000-0000-000000000000","00000000-0000-0000-0000-00000000008f" );
INSERT INTO TE_PARM VALUES ( 'message','',0,'','',"00000000-0000-0000-0000-000000000075","00000000-0000-0000-0000-000000000000",'p_message',0,"00000000-0000-0000-0000-000000000028",1,"00000000-0000-0000-0000-000000000000",'[ESCHER_SYS_MAX_STRING_LEN]',"00000000-0000-0000-0000-0000000000e1","00000000-0000-0000-0000-000000000000","00000000-0000-0000-0000-000000000000","00000000-0000-0000-0000-000000000000","00000000-0000-0000-0000-000000000000","00000000-0000-0000-0000-000000000000","00000000-0000-0000-0000-00000000008b" );
INSERT INTO TE_PARM VALUES ( 'microseconds','',0,'','',"00000000-0000-0000-0000-000000000076","00000000-0000-0000-0000-000000000000",'p_microseconds',0,"00000000-0000-0000-0000-00000000002a",0,"00000000-0000-0000-0000-000000000000",'',"00000000-0000-0000-0000-0000000000c8","00000000-0000-0000-0000-000000000000","00000000-0000-0000-0000-000000000000","00000000-0000-0000-0000-00000000002c","00000000-0000-0000-0000-000000000000","00000000-0000-0000-0000-000000000000","00000000-0000-0000-0000-000000000000" );
INSERT INTO TE_PARM VALUES ( 'fa','',1,'','',"00000000-0000-0000-0000-000000000077","00000000-0000-0000-0000-000000000079",'p_fa',0,"00000000-0000-0000-0000-00000000002a",0,"00000000-0000-0000-0000-000000000000",'',"00000000-0000-0000-0000-0000000000ca","00000000-0000-0000-0000-000000000000","00000000-0000-0000-0000-000000000000","00000000-0000-0000-0000-000000000011","00000000-0000-0000-0000-000000000000","00000000-0000-0000-0000-000000000000","00000000-0000-0000-0000-000000000000" );
INSERT INTO TE_PARM VALUES ( 'fy','',3,'','',"00000000-0000-0000-0000-000000000078","00000000-0000-0000-0000-00000000007d",'p_fy',0,"00000000-0000-0000-0000-00000000002a",0,"00000000-0000-0000-0000-000000000000",'',"00000000-0000-0000-0000-0000000000ca","00000000-0000-0000-0000-000000000000","00000000-0000-0000-0000-000000000000","00000000-0000-0000-0000-000000000010","00000000-0000-0000-0000-000000000000","00000000-0000-0000-0000-000000000000","00000000-0000-0000-0000-000000000000" );
INSERT INTO TE_PARM VALUES ( 'fx','',2,'','',"00000000-0000-0000-0000-000000000079","00000000-0000-0000-0000-000000000078",'p_fx',0,"00000000-0000-0000-0000-00000000002a",0,"00000000-0000-0000-0000-000000000000",'',"00000000-0000-0000-0000-0000000000ca","00000000-0000-0000-0000-000000000000","00000000-0000-0000-0000-000000000000","00000000-0000-0000-0000-00000000000f","00000000-0000-0000-0000-000000000000","00000000-0000-0000-0000-000000000000","00000000-0000-0000-0000-000000000000" );
INSERT INTO TE_PARM VALUES ( 'ua','',7,'','',"00000000-0000-0000-0000-00000000007a","00000000-0000-0000-0000-00000000007c",'p_ua',0,"00000000-0000-0000-0000-00000000002a",0,"00000000-0000-0000-0000-000000000000",'',"00000000-0000-0000-0000-0000000000ca","00000000-0000-0000-0000-000000000000","00000000-0000-0000-0000-000000000000","00000000-0000-0000-0000-00000000000e","00000000-0000-0000-0000-000000000000","00000000-0000-0000-0000-000000000000","00000000-0000-0000-0000-000000000000" );
INSERT INTO TE_PARM VALUES ( 'uy','',9,'','',"00000000-0000-0000-0000-00000000007b","00000000-0000-0000-0000-000000000000",'p_uy',0,"00000000-0000-0000-0000-00000000002a",0,"00000000-0000-0000-0000-000000000000",'',"00000000-0000-0000-0000-0000000000ca","00000000-0000-0000-0000-000000000000","00000000-0000-0000-0000-000000000000","00000000-0000-0000-0000-00000000000d","00000000-0000-0000-0000-000000000000","00000000-0000-0000-0000-000000000000","00000000-0000-0000-0000-000000000000" );
INSERT INTO TE_PARM VALUES ( 'ux','',8,'','',"00000000-0000-0000-0000-00000000007c","00000000-0000-0000-0000-00000000007b",'p_ux',0,"00000000-0000-0000-0000-00000000002a",0,"00000000-0000-0000-0000-000000000000",'',"00000000-0000-0000-0000-0000000000ca","00000000-0000-0000-0000-000000000000","00000000-0000-0000-0000-000000000000","00000000-0000-0000-0000-00000000000c","00000000-0000-0000-0000-000000000000","00000000-0000-0000-0000-000000000000","00000000-0000-0000-0000-000000000000" );
INSERT INTO TE_PARM VALUES ( 'pa','',4,'','',"00000000-0000-0000-0000-00000000007d","00000000-0000-0000-0000-00000000007f",'p_pa',0,"00000000-0000-0000-0000-00000000002a",0,"00000000-0000-0000-0000-000000000000",'',"00000000-0000-0000-0000-0000000000ca","00000000-0000-0000-0000-000000000000","00000000-0000-0000-0000-000000000000","00000000-0000-0000-0000-00000000000b","00000000-0000-0000-0000-000000000000","00000000-0000-0000-0000-000000000000","00000000-0000-0000-0000-000000000000" );
INSERT INTO TE_PARM VALUES ( 'py','',6,'','',"00000000-0000-0000-0000-00000000007e","00000000-0000-0000-0000-00000000007a",'p_py',0,"00000000-0000-0000-0000-00000000002a",0,"00000000-0000-0000-0000-000000000000",'',"00000000-0000-0000-0000-0000000000ca","00000000-0000-0000-0000-000000000000","00000000-0000-0000-0000-000000000000","00000000-0000-0000-0000-00000000000a","00000000-0000-0000-0000-000000000000","00000000-0000-0000-0000-000000000000","00000000-0000-0000-0000-000000000000" );
INSERT INTO TE_PARM VALUES ( 'px','',5,'','',"00000000-0000-0000-0000-00000000007f","00000000-0000-0000-0000-00000000007e",'p_px',0,"00000000-0000-0000-0000-00000000002a",0,"00000000-0000-0000-0000-000000000000",'',"00000000-0000-0000-0000-0000000000ca","00000000-0000-0000-0000-000000000000","00000000-0000-0000-0000-000000000000","00000000-0000-0000-0000-000000000009","00000000-0000-0000-0000-000000000000","00000000-0000-0000-0000-000000000000","00000000-0000-0000-0000-000000000000" );
INSERT INTO TE_PARM VALUES ( 'alive','',0,'','',"00000000-0000-0000-0000-000000000080","00000000-0000-0000-0000-000000000077",'p_alive',0,"00000000-0000-0000-0000-00000000002a",0,"00000000-0000-0000-0000-000000000000",'',"00000000-0000-0000-0000-0000000000ca","00000000-0000-0000-0000-000000000000","00000000-0000-0000-0000-000000000000","00000000-0000-0000-0000-000000000007","00000000-0000-0000-0000-000000000000","00000000-0000-0000-0000-000000000000","00000000-0000-0000-0000-000000000000" );
INSERT INTO TE_PARM VALUES ( 'fa','',0,'','',"00000000-0000-0000-0000-000000000081","00000000-0000-0000-0000-000000000083",'p_fa',0,"00000000-0000-0000-0000-00000000002a",0,"00000000-0000-0000-0000-000000000000",'',"00000000-0000-0000-0000-000000000000","00000000-0000-0000-0000-000000000040","00000000-0000-0000-0000-00000000004a","00000000-0000-0000-0000-000000000000","00000000-0000-0000-0000-000000000000","00000000-0000-0000-0000-000000000000","00000000-0000-0000-0000-000000000000" );
INSERT INTO TE_PARM VALUES ( 'fy','',0,'','',"00000000-0000-0000-0000-000000000082","00000000-0000-0000-0000-000000000087",'p_fy',0,"00000000-0000-0000-0000-00000000002a",0,"00000000-0000-0000-0000-000000000000",'',"00000000-0000-0000-0000-000000000000","00000000-0000-0000-0000-000000000040","00000000-0000-0000-0000-000000000049","00000000-0000-0000-0000-000000000000","00000000-0000-0000-0000-000000000000","00000000-0000-0000-0000-000000000000","00000000-0000-0000-0000-000000000000" );
INSERT INTO TE_PARM VALUES ( 'fx','',0,'','',"00000000-0000-0000-0000-000000000083","00000000-0000-0000-0000-000000000082",'p_fx',0,"00000000-0000-0000-0000-00000000002a",0,"00000000-0000-0000-0000-000000000000",'',"00000000-0000-0000-0000-000000000000","00000000-0000-0000-0000-000000000040","00000000-0000-0000-0000-000000000048","00000000-0000-0000-0000-000000000000","00000000-0000-0000-0000-000000000000","00000000-0000-0000-0000-000000000000","00000000-0000-0000-0000-000000000000" );
INSERT INTO TE_PARM VALUES ( 'ua','',0,'','',"00000000-0000-0000-0000-000000000084","00000000-0000-0000-0000-000000000086",'p_ua',0,"00000000-0000-0000-0000-00000000002a",0,"00000000-0000-0000-0000-000000000000",'',"00000000-0000-0000-0000-000000000000","00000000-0000-0000-0000-000000000040","00000000-0000-0000-0000-000000000047","00000000-0000-0000-0000-000000000000","00000000-0000-0000-0000-000000000000","00000000-0000-0000-0000-000000000000","00000000-0000-0000-0000-000000000000" );
INSERT INTO TE_PARM VALUES ( 'uy','',0,'','',"00000000-0000-0000-0000-000000000085","00000000-0000-0000-0000-000000000000",'p_uy',0,"00000000-0000-0000-0000-00000000002a",0,"00000000-0000-0000-0000-000000000000",'',"00000000-0000-0000-0000-000000000000","00000000-0000-0000-0000-000000000040","00000000-0000-0000-0000-000000000046","00000000-0000-0000-0000-000000000000","00000000-0000-0000-0000-000000000000","00000000-0000-0000-0000-000000000000","00000000-0000-0000-0000-000000000000" );
INSERT INTO TE_PARM VALUES ( 'ux','',0,'','',"00000000-0000-0000-0000-000000000086","00000000-0000-0000-0000-000000000085",'p_ux',0,"00000000-0000-0000-0000-00000000002a",0,"00000000-0000-0000-0000-000000000000",'',"00000000-0000-0000-0000-000000000000","00000000-0000-0000-0000-000000000040","00000000-0000-0000-0000-000000000045","00000000-0000-0000-0000-000000000000","00000000-0000-0000-0000-000000000000","00000000-0000-0000-0000-000000000000","00000000-0000-0000-0000-000000000000" );
INSERT INTO TE_PARM VALUES ( 'pa','',0,'','',"00000000-0000-0000-0000-000000000087","00000000-0000-0000-0000-000000000089",'p_pa',0,"00000000-0000-0000-0000-00000000002a",0,"00000000-0000-0000-0000-000000000000",'',"00000000-0000-0000-0000-000000000000","00000000-0000-0000-0000-000000000040","00000000-0000-0000-0000-000000000044","00000000-0000-0000-0000-000000000000","00000000-0000-0000-0000-000000000000","00000000-0000-0000-0000-000000000000","00000000-0000-0000-0000-000000000000" );
INSERT INTO TE_PARM VALUES ( 'py','',0,'','',"00000000-0000-0000-0000-000000000088","00000000-0000-0000-0000-000000000084",'p_py',0,"00000000-0000-0000-0000-00000000002a",0,"00000000-0000-0000-0000-000000000000",'',"00000000-0000-0000-0000-000000000000","00000000-0000-0000-0000-000000000040","00000000-0000-0000-0000-000000000043","00000000-0000-0000-0000-000000000000","00000000-0000-0000-0000-000000000000","00000000-0000-0000-0000-000000000000","00000000-0000-0000-0000-000000000000" );
INSERT INTO TE_PARM VALUES ( 'px','',0,'','',"00000000-0000-0000-0000-000000000089","00000000-0000-0000-0000-000000000088",'p_px',0,"00000000-0000-0000-0000-00000000002a",0,"00000000-0000-0000-0000-000000000000",'',"00000000-0000-0000-0000-000000000000","00000000-0000-0000-0000-000000000040","00000000-0000-0000-0000-000000000042","00000000-0000-0000-0000-000000000000","00000000-0000-0000-0000-000000000000","00000000-0000-0000-0000-000000000000","00000000-0000-0000-0000-000000000000" );
INSERT INTO TE_PARM VALUES ( 'alive','',0,'','',"00000000-0000-0000-0000-00000000008a","00000000-0000-0000-0000-000000000081",'p_alive',0,"00000000-0000-0000-0000-00000000002a",0,"00000000-0000-0000-0000-000000000000",'',"00000000-0000-0000-0000-000000000000","00000000-0000-0000-0000-000000000040","00000000-0000-0000-0000-000000000041","00000000-0000-0000-0000-000000000000","00000000-0000-0000-0000-000000000000","00000000-0000-0000-0000-000000000000","00000000-0000-0000-0000-000000000000" );
INSERT INTO TE_WHERE VALUES ( 0,'ship_Controller_AnyWhere1',0,"00000000-0000-0000-0000-000000000017" );
INSERT INTO TE_WHERE VALUES ( 0,'ship_Controller_AnyWhere2',1,"00000000-0000-0000-0000-000000000017" );
INSERT INTO TE_WHERE VALUES ( 0,'ship_Controller_AnyWhere3',2,"00000000-0000-0000-0000-000000000017" );
INSERT INTO TE_ATTR VALUES ( "00000000-0000-0000-0000-0000000000cb",0,0,0,0,0,'','current_state','current_state','',1,0,"00000000-0000-0000-0000-000000000000",'','ship_Controller','',"00000000-0000-0000-0000-000000000000","00000000-0000-0000-0000-00000000003e","00000000-0000-0000-0000-000000000017" );
INSERT INTO TE_EVT VALUES ( "00000000-0000-0000-0000-0000000000d9",'init',1,'ship_Controllerevent1','SHIP_CONTROLLEREVENT1NUM',0,1,1,0,"00000000-0000-0000-0000-000000000000","00000000-0000-0000-0000-00000000002a","00000000-0000-0000-0000-0000000000cc","00000000-0000-0000-0000-0000000000da" );
INSERT INTO TE_EVT VALUES ( "00000000-0000-0000-0000-0000000000da",'ok',2,'ship_Controllerevent2','SHIP_CONTROLLEREVENT2NUM',1,1,1,0,"00000000-0000-0000-0000-000000000000","00000000-0000-0000-0000-00000000004b","00000000-0000-0000-0000-0000000000cc","00000000-0000-0000-0000-0000000000db" );
INSERT INTO TE_EVT VALUES ( "00000000-0000-0000-0000-0000000000db",'timeout',3,'ship_Controllerevent3','SHIP_CONTROLLEREVENT3NUM',2,1,1,0,"00000000-0000-0000-0000-000000000000","00000000-0000-0000-0000-000000000034","00000000-0000-0000-0000-0000000000cc","00000000-0000-0000-0000-0000000000dc" );
INSERT INTO TE_EVT VALUES ( "00000000-0000-0000-0000-0000000000dc",'state',4,'ship_Controllerevent4','SHIP_CONTROLLEREVENT4NUM',3,1,2,0,"00000000-0000-0000-0000-000000000000","00000000-0000-0000-0000-000000000022","00000000-0000-0000-0000-0000000000cc","00000000-0000-0000-0000-0000000000dd" );
INSERT INTO TE_EVT VALUES ( "00000000-0000-0000-0000-0000000000dd",'end',5,'ship_Controllerevent5','SHIP_CONTROLLEREVENT5NUM',4,1,1,0,"00000000-0000-0000-0000-000000000000","00000000-0000-0000-0000-00000000004c","00000000-0000-0000-0000-0000000000cc","00000000-0000-0000-0000-000000000000" );
INSERT INTO TE_STATE VALUES ( "00000000-0000-0000-0000-0000000000cd",'init','ship_Controller_STATE_1',1,1,0,"00000000-0000-0000-0000-000000000040","00000000-0000-0000-0000-00000000004d","00000000-0000-0000-0000-0000000000d0" );
INSERT INTO TE_STATE VALUES ( "00000000-0000-0000-0000-0000000000d0",'start','ship_Controller_STATE_2',2,2,1,"00000000-0000-0000-0000-000000000040","00000000-0000-0000-0000-000000000051","00000000-0000-0000-0000-0000000000d3" );
INSERT INTO TE_STATE VALUES ( "00000000-0000-0000-0000-0000000000d3",'process','ship_Controller_STATE_3',3,3,2,"00000000-0000-0000-0000-000000000040","00000000-0000-0000-0000-000000000055","00000000-0000-0000-0000-0000000000d6" );
INSERT INTO TE_STATE VALUES ( "00000000-0000-0000-0000-0000000000d6",'end','ship_Controller_STATE_4',4,4,3,"00000000-0000-0000-0000-000000000040","00000000-0000-0000-0000-00000000006f","00000000-0000-0000-0000-000000000000" );
INSERT INTO TE_SM VALUES ( "00000000-0000-0000-0000-0000000000cc",1,'ship_Controller_STATE_1','ship_Controller_StateEventMatrix','ship_Controller_acts','StateAction_t','ship_Controller_Events_u','ship_Controller_xacts',0,'state_name_strings',4,5,"00000000-0000-0000-0000-000000000040",'ship_Controller',"00000000-0000-0000-0000-0000000000cd","00000000-0000-0000-0000-0000000000d9",'"init","start","process","end"','"init","ok","timeout","state","end"',0 );
INSERT INTO TE_CLASS VALUES ( "00000000-0000-0000-0000-00000000002d",'Controller',1,'Controller','','ship_Controller','ship_Controller_CB',1,0,0,0,0,10,0,1,0,0,1,0,0,'ship_Controller_class','ship_Controller_CLASS_NUMBER','ship_Controller_CLASS_NUMBER_CB','ship_Controller_LinkCentral','ship_Controller_Dispatch','','%d',',
    self->current_state',"00000000-0000-0000-0000-00000000001a","00000000-0000-0000-0000-000000000017","00000000-0000-0000-0000-000000000000" );
INSERT INTO TE_PREFIX VALUES ( 'Escher_','','Escher_','','ESCHER_','Escher_','','','','Escher_','pport_','rport_','channel_' );
INSERT INTO TE_SET VALUES ( 'SYS_MAX_CONTAINERS','Escher_Iterator_s','Escher_SetFactoryInit','Escher_InitSet','Escher_CopySet','Escher_ClearSet','Escher_SetUnion','Escher_SetIntersection','Escher_SetDifference','Escher_SetSymmetricDifference','Escher_SetInsertElement','Escher_SetInsertInstance','Escher_SetInsertBlock','Escher_SetRemoveElement','Escher_SetRemoveInstance','Escher_SetCardinality','Escher_SetContains','Escher_SetEquality','Escher_SetIsEmpty','Escher_SetGetAny','Escher_IteratorReset','Escher_IteratorNext','Escher_ObjectSet_s','Escher_SetElement_s','','' );
INSERT INTO TE_PERSIST VALUES ( 'sys_persist','','ESCHER_PERSIST_INST_CACHE_DEPTH','ESCHER_PERSIST_LINK_CACHE_DEPTH','check_mark_post','','Escher_link_t','','Escher_PersistFactoryInit','Escher_PersistenceCommit','Escher_PersistenceRestore','Escher_PersistDelete','domainnum','Escher_DomainNumber_t','classnum','Escher_ClassNumber_t','index','Escher_InstanceIndex_t','InstanceIdentifier_t','instance_identifier','s1_t','persist_dirty',1,0 );
INSERT INTO TE_EQ VALUES ( 'EVENT_IS_IGNORED','EVENT_CANT_HAPPEN','Escher_systemxtUMLevents','Escher_xtUML_event_pool','Escher_xtUMLEventConstant_t','Escher_xtUMLEvent_t','mc_event_base','ESCHER_SYS_MAX_XTUML_EVENTS','ESCHER_SYS_MAX_SELF_EVENTS','ESCHER_SYS_MAX_NONSELF_EVENTS','Escher_NewxtUMLEvent','Escher_AllocatextUMLEvent','Escher_DeletextUMLEvent','Escher_ModifyxtUMLEvent','Escher_SendSelfEvent','Escher_SendEvent','Escher_EventSearchAndDestroy','Escher_run_flag','e','' );
INSERT INTO TE_ILB VALUES ( '','ESCHER_SYS_MAX_INTERLEAVED_BRIDGES','ESCHER_SYS_MAX_INTERLEAVED_BRIDGE_DATA','InterleaveBridge','InterleaveBridgeDone','GetILBData','DispatchInterleaveBridge' );
INSERT INTO TE_THREAD VALUES ( 'sys_thread','Escher_thread_create','Escher_mutex_lock','Escher_mutex_unlock','Escher_nonbusy_wait','Escher_nonbusy_wake','Escher_thread_shutdown',0,'POSIX',0,1,'' );
INSERT INTO TE_FILE VALUES ( 'h','c','o','shipctrl_sys_main','sys_xtuml','sys_events','sys_nvs','NVS_bridge','sys_sets','shipctrl_sys_types','sys_thread','sys_trace','TIM_bridge','sys_user_co','','sys_persist','sys_xtumlload','sysc_interfaces','RegDefs','.','_ch','_ch','_ch','_ch','.','bridge.mark','system.mark','datatype.mark','event.mark','class.mark','domain.mark','sys_functions.arc','mc3020/arc','.' );
INSERT INTO TE_CALLOUT VALUES ( 'sys_user_co','UserInitializationCallout','UserPreOoaInitializationCallout','UserPostOoaInitializationCallout','UserBackgroundProcessingCallout','UserEventCantHappenCallout','UserPreShutdownCallout','UserPostShutdownCallout','UserEventNoInstanceCallout','UserEventFreeListEmptyCallout','UserEmptyHandleDetectedCallout','UserObjectPoolEmptyCallout','UserNodeListEmptyCallout','UserInterleavedBridgeOverflowCallout','UserSelfEventQueueEmptyCallout','UserNonSelfEventQueueEmptyCallout','UserPersistenceErrorCallout' );
INSERT INTO TE_STRING VALUES ( 'Escher_memset','Escher_memmove','Escher_strcpy','Escher_stradd','Escher_strlen','Escher_strcmp','Escher_strget','Escher_itoa','Escher_atoi','ESCHER_SYS_MAX_STRING_LEN','ESCHER_DEBUG_BUFFER_DEPTH','Escher_u128touuid','Escher_uuidtou128' );
INSERT INTO TE_TRACE VALUES ( 'COMP_MSG_START_TRACE','COMP_MSG_END_TRACE','STATE_TXN_START_TRACE','STATE_TXN_END_TRACE','STATE_TXN_IG_TRACE','STATE_TXN_CH_TRACE','OAL_ACTION_TRACE' );
INSERT INTO TE_COPYRIGHT VALUES ( 'your copyright statement can go here (from te_copyright.body)' );
INSERT INTO TE_DMA VALUES ( 'sys_memory','Escher_malloc','Escher_free',0 );
INSERT INTO TE_CONTAINER VALUES ( '' );
INSERT INTO TE_DLIST VALUES ( '','Escher_SetRemoveDlistNode' );
INSERT INTO TE_SLIST VALUES ( '','Escher_SetRemoveNode' );
INSERT INTO TE_TARGET VALUES ( 'C','#ifdef	__cplusplus
extern	"C"	{
#endif','#ifdef	__cplusplus
}
#endif','main' );
INSERT INTO TE_RELINFO VALUES ( "00000000-0000-0000-0000-000000000000","00000000-0000-0000-0000-000000000000","00000000-0000-0000-0000-000000000000","00000000-0000-0000-0000-000000000000","00000000-0000-0000-0000-000000000000","00000000-0000-0000-0000-000000000000",0,0,'',0,0,0,0 );
INSERT INTO TE_RELSTORE VALUES ( '','','',0,'','self' );
INSERT INTO TE_INSTANCE VALUES ( 'Escher_CreateInstance','Escher_CreatePersistent','Escher_DeleteInstance','Escher_DeletePersistent','self','Escher_GetSelf','Escher_InstanceBase_t','Escher_iHandle_t','Escher_ClassFactoryInit','Escher_Object_s','ESCHER_SYS_MAX_OBJECT_EXTENT','ESCHER_SYS_MAX_ASSOCIATION_EXTENT','ESCHER_SYS_MAX_TRANSIENT_EXTENT','current_state','','Escher_GetDCI','Escher_GetEventDispatcher','Escher_GetThreadAssignment','' );
INSERT INTO TE_TIM VALUES ( 'ESCHER_SYS_MAX_XTUML_TIMERS',1,1,0,'ETimer_t','','' );
INSERT INTO TE_TYPEMAP VALUES ( 'Escher_InstanceIndex_t','u2_t','Escher_ClassSize_t','Escher_size_t','Escher_ClassNumber_t','u2_t','Escher_StateNumber_t','u1_t','Escher_DomainNumber_t','u1_t','Escher_EventNumber_t','u1_t','Escher_EventPriority_t','u1_t','Escher_EventFlags_t','u1_t','Escher_PolyEventRC_t','u1_t','Escher_SEMcell_t','u1_t','','','' );
INSERT INTO TE_EXTENT VALUES ( 'Escher_ObjectSet_s','Escher_Extent_t','active','inactive','','Escher_ClassSize_t','size','Escher_StateNumber_t','initial_state','Escher_SetElement_s*','container','Escher_iHandle_t','pool','Escher_InstanceIndex_t','population','Escher_ClassSize_t','size_no_rel','link_function' );
INSERT INTO TE_PAR VALUES ( 'str',0,'',0,"00000000-0000-0000-0000-00000000006d","00000000-0000-0000-0000-000000000054" );
INSERT INTO TE_PAR VALUES ( 'str',0,'',0,"00000000-0000-0000-0000-00000000006b","00000000-0000-0000-0000-000000000054" );
INSERT INTO TE_PAR VALUES ( 'microseconds',0,'',1,"00000000-0000-0000-0000-00000000003c","00000000-0000-0000-0000-00000000005f" );
INSERT INTO TE_PAR VALUES ( 'event_inst',0,'',0,"00000000-0000-0000-0000-00000000003a","00000000-0000-0000-0000-00000000005e" );
INSERT INTO TE_PAR VALUES ( 'alive',0,'',0,"00000000-0000-0000-0000-000000000021","00000000-0000-0000-0000-000000000000" );
INSERT INTO TE_PAR VALUES ( 'fa',0,'',0,"00000000-0000-0000-0000-000000000020","00000000-0000-0000-0000-000000000000" );
INSERT INTO TE_PAR VALUES ( 'fy',0,'',0,"00000000-0000-0000-0000-00000000001f","00000000-0000-0000-0000-000000000000" );
INSERT INTO TE_PAR VALUES ( 'fx',0,'',0,"00000000-0000-0000-0000-00000000001e","00000000-0000-0000-0000-000000000000" );
INSERT INTO TE_PAR VALUES ( 'ua',0,'',0,"00000000-0000-0000-0000-00000000001d","00000000-0000-0000-0000-000000000000" );
INSERT INTO TE_PAR VALUES ( 'uy',0,'',0,"00000000-0000-0000-0000-00000000001c","00000000-0000-0000-0000-000000000000" );
INSERT INTO TE_PAR VALUES ( 'ux',0,'',0,"00000000-0000-0000-0000-00000000001b","00000000-0000-0000-0000-000000000000" );
INSERT INTO TE_PAR VALUES ( 'pa',0,'',0,"00000000-0000-0000-0000-00000000001a","00000000-0000-0000-0000-000000000000" );
INSERT INTO TE_PAR VALUES ( 'py',0,'',0,"00000000-0000-0000-0000-000000000019","00000000-0000-0000-0000-000000000000" );
INSERT INTO TE_PAR VALUES ( 'px',0,'',0,"00000000-0000-0000-0000-000000000018","00000000-0000-0000-0000-000000000000" );
INSERT INTO TE_DCI VALUES ( "00000000-0000-0000-0000-00000000001a",'ship_CLASS_NUMBERS','ship_CLASS_U','ship_task_numbers','ship_TASK_NUMBERS','ship_MAX_CLASS_NUMBERS','ship_STATE_MODELS','ship_CLASS_INFO_INIT','ship_class_info' );
INSERT INTO TE_CIA VALUES ( 'domain_class_info','Escher_Extent_t','active_count','domain_class_count','Escher_ClassNumber_t' );
INSERT INTO TE_BLK VALUES ( "00000000-0000-0000-0000-0000000000f7","00000000-0000-0000-0000-000000000000",'','',1,'  ',"00000000-0000-0000-0000-00000000010f" );
INSERT INTO TE_BLK VALUES ( "00000000-0000-0000-0000-0000000000f3","00000000-0000-0000-0000-000000000000",'','',1,'  ',"00000000-0000-0000-0000-00000000010d" );
INSERT INTO TE_BLK VALUES ( "00000000-0000-0000-0000-0000000000ee","00000000-0000-0000-0000-000000000000",'','',1,'  ',"00000000-0000-0000-0000-00000000010b" );
INSERT INTO TE_BLK VALUES ( "00000000-0000-0000-0000-0000000000ea","00000000-0000-0000-0000-000000000000",'','',1,'  ',"00000000-0000-0000-0000-000000000109" );
INSERT INTO TE_BLK VALUES ( "00000000-0000-0000-0000-0000000000e5","00000000-0000-0000-0000-000000000000",'','',1,'  ',"00000000-0000-0000-0000-000000000107" );
INSERT INTO TE_BLK VALUES ( "00000000-0000-0000-0000-0000000000e0","00000000-0000-0000-0000-000000000000",'','',1,'  ',"00000000-0000-0000-0000-000000000105" );
INSERT INTO TE_BLK VALUES ( "00000000-0000-0000-0000-0000000000dc","00000000-0000-0000-0000-000000000000",'','',1,'  ',"00000000-0000-0000-0000-000000000103" );
INSERT INTO TE_BLK VALUES ( "00000000-0000-0000-0000-0000000000d7","00000000-0000-0000-0000-000000000000",'','',1,'  ',"00000000-0000-0000-0000-000000000101" );
INSERT INTO TE_BLK VALUES ( "00000000-0000-0000-0000-0000000000d3","00000000-0000-0000-0000-000000000000",'','',1,'  ',"00000000-0000-0000-0000-0000000000ff" );
INSERT INTO TE_BLK VALUES ( "00000000-0000-0000-0000-0000000000d0","00000000-0000-0000-0000-000000000000",'','',1,'  ',"00000000-0000-0000-0000-0000000000fd" );
INSERT INTO TE_BLK VALUES ( "00000000-0000-0000-0000-0000000000cc","00000000-0000-0000-0000-000000000000",'','',1,'  ',"00000000-0000-0000-0000-0000000000fb" );
INSERT INTO TE_BLK VALUES ( "00000000-0000-0000-0000-0000000000c8","00000000-0000-0000-0000-000000000000",'','',1,'  ',"00000000-0000-0000-0000-0000000000f9" );
INSERT INTO TE_BLK VALUES ( "00000000-0000-0000-0000-0000000000c4","00000000-0000-0000-0000-000000000000",'','',1,'  ',"00000000-0000-0000-0000-0000000000f7" );
INSERT INTO TE_BLK VALUES ( "00000000-0000-0000-0000-0000000000c0","00000000-0000-0000-0000-000000000000",'','',1,'  ',"00000000-0000-0000-0000-0000000000f5" );
INSERT INTO TE_BLK VALUES ( "00000000-0000-0000-0000-0000000000bc","00000000-0000-0000-0000-000000000000",'','',1,'  ',"00000000-0000-0000-0000-0000000000f3" );
INSERT INTO TE_BLK VALUES ( "00000000-0000-0000-0000-0000000000b8","00000000-0000-0000-0000-000000000000",'','',1,'  ',"00000000-0000-0000-0000-0000000000f1" );
INSERT INTO TE_BLK VALUES ( "00000000-0000-0000-0000-0000000000af","00000000-0000-0000-0000-000000000000",'','',1,'  ',"00000000-0000-0000-0000-0000000000ef" );
INSERT INTO TE_BLK VALUES ( "00000000-0000-0000-0000-0000000000ab","00000000-0000-0000-0000-000000000000",'','',1,'  ',"00000000-0000-0000-0000-0000000000ed" );
INSERT INTO TE_BLK VALUES ( "00000000-0000-0000-0000-0000000000a7","00000000-0000-0000-0000-000000000000",'','',1,'  ',"00000000-0000-0000-0000-0000000000eb" );
INSERT INTO TE_BLK VALUES ( "00000000-0000-0000-0000-0000000000a1","00000000-0000-0000-0000-000000000000",'','',1,'  ',"00000000-0000-0000-0000-0000000000e9" );
INSERT INTO TE_BLK VALUES ( "00000000-0000-0000-0000-00000000009b","00000000-0000-0000-0000-000000000000",'','',1,'  ',"00000000-0000-0000-0000-0000000000e7" );
INSERT INTO TE_BLK VALUES ( "00000000-0000-0000-0000-000000000095","00000000-0000-0000-0000-000000000000",'','',1,'  ',"00000000-0000-0000-0000-0000000000e5" );
INSERT INTO TE_BLK VALUES ( "00000000-0000-0000-0000-000000000091","00000000-0000-0000-0000-000000000000",'','',1,'  ',"00000000-0000-0000-0000-0000000000e3" );
INSERT INTO TE_BLK VALUES ( "00000000-0000-0000-0000-00000000008d","00000000-0000-0000-0000-000000000000",'','',1,'  ',"00000000-0000-0000-0000-0000000000e1" );
INSERT INTO TE_BLK VALUES ( "00000000-0000-0000-0000-000000000087","00000000-0000-0000-0000-000000000088",'','',1,'  ',"00000000-0000-0000-0000-0000000000df" );
INSERT INTO TE_BLK VALUES ( "00000000-0000-0000-0000-000000000082","00000000-0000-0000-0000-000000000000",'','',1,'  ',"00000000-0000-0000-0000-000000000000" );
INSERT INTO TE_BLK VALUES ( "00000000-0000-0000-0000-00000000007e","00000000-0000-0000-0000-000000000000",'','',1,'  ',"00000000-0000-0000-0000-000000000000" );
INSERT INTO TE_BLK VALUES ( "00000000-0000-0000-0000-00000000007a","00000000-0000-0000-0000-000000000000",'','',1,'  ',"00000000-0000-0000-0000-000000000000" );
INSERT INTO TE_BLK VALUES ( "00000000-0000-0000-0000-000000000076","00000000-0000-0000-0000-000000000000",'','',1,'  ',"00000000-0000-0000-0000-000000000000" );
INSERT INTO TE_BLK VALUES ( "00000000-0000-0000-0000-000000000072","00000000-0000-0000-0000-000000000000",'','',1,'  ',"00000000-0000-0000-0000-0000000000d8" );
INSERT INTO TE_BLK VALUES ( "00000000-0000-0000-0000-000000000062","00000000-0000-0000-0000-00000000006e",'','',2,'    ',"00000000-0000-0000-0000-000000000000" );
INSERT INTO TE_BLK VALUES ( "00000000-0000-0000-0000-00000000005f","00000000-0000-0000-0000-000000000067",'','',2,'    ',"00000000-0000-0000-0000-000000000000" );
INSERT INTO TE_BLK VALUES ( "00000000-0000-0000-0000-000000000058","00000000-0000-0000-0000-000000000059",'i_t alive;ship_Controller * ctrl=0;','',1,'  ',"00000000-0000-0000-0000-0000000000d5" );
INSERT INTO TE_BLK VALUES ( "00000000-0000-0000-0000-000000000054","00000000-0000-0000-0000-000000000000",'','',1,'  ',"00000000-0000-0000-0000-0000000000d2" );
INSERT INTO TE_BLK VALUES ( "00000000-0000-0000-0000-000000000050","00000000-0000-0000-0000-000000000000",'','',1,'  ',"00000000-0000-0000-0000-0000000000cf" );
INSERT INTO TE_BLK VALUES ( "00000000-0000-0000-0000-00000000002e","00000000-0000-0000-0000-00000000002f",'Escher_Timer_t timer;Escher_xtUMLEvent_t * timeout;ship_Controller * ctrl=0;','',1,'  ',"00000000-0000-0000-0000-0000000000c8" );
INSERT INTO TE_BLK VALUES ( "00000000-0000-0000-0000-000000000026","00000000-0000-0000-0000-000000000027",'ship_Controller * ctrl;','',1,'  ',"00000000-0000-0000-0000-0000000000c9" );
INSERT INTO TE_BLK VALUES ( "00000000-0000-0000-0000-000000000013","00000000-0000-0000-0000-000000000014",'ship_Controller * ctrl=0;','',1,'  ',"00000000-0000-0000-0000-0000000000ca" );
INSERT INTO TE_ASSIGN VALUES ( 1,0,'','Escher_Timer_t timer',12,'timer','TIM_timer_start( (Escher_xtUMLEvent_t *)timeout, p_microseconds )',"00000000-0000-0000-0000-000000000001",0 );
INSERT INTO TE_BRIDGE VALUES ( '','',"00000000-0000-0000-0000-000000000017" );
INSERT INTO TE_CREATE_EVENT VALUES ( "00000000-0000-0000-0000-000000000000",0,'','','','','','',"00000000-0000-0000-0000-000000000008" );
INSERT INTO TE_CREATE_INSTANCE VALUES ( "00000000-0000-0000-0000-000000000000",0,'','',"00000000-0000-0000-0000-000000000002" );
INSERT INTO TE_DELETE_INSTANCE VALUES ( "00000000-0000-0000-0000-000000000000",'',0,"00000000-0000-0000-0000-000000000007" );
INSERT INTO TE_ELIF VALUES ( '',"00000000-0000-0000-0000-000000000006" );
INSERT INTO TE_EVENT_PARAMETERS VALUES ( '','','','',"00000000-0000-0000-0000-000000000010" );
INSERT INTO TE_FOR VALUES ( 0,'','','',"00000000-0000-0000-0000-000000000003" );
INSERT INTO TE_FUNCTION VALUES ( '','',"00000000-0000-0000-0000-000000000018" );
INSERT INTO TE_GENERATE VALUES ( "00000000-0000-0000-0000-000000000000",0,'','','','',"00000000-0000-0000-0000-000000000011" );
INSERT INTO TE_GENERATE_CREATOR_EVENT VALUES ( "00000000-0000-0000-0000-000000000000",0,'','','','',"00000000-0000-0000-0000-000000000012" );
INSERT INTO TE_GENERATE_PRECREATED_EVENT VALUES ( 0,'',"00000000-0000-0000-0000-00000000000f" );
INSERT INTO TE_GENERATE_TO_CLASS VALUES ( "00000000-0000-0000-0000-000000000000",0,'','','','',"00000000-0000-0000-0000-000000000013" );
INSERT INTO TE_IF VALUES ( '',"00000000-0000-0000-0000-000000000004" );
INSERT INTO TE_IOP VALUES ( '','',"00000000-0000-0000-0000-000000000015" );
INSERT INTO TE_OPERATION VALUES ( 0,'','','',"00000000-0000-0000-0000-000000000016" );
INSERT INTO TE_RELATE VALUES ( "00000000-0000-0000-0000-000000000000","00000000-0000-0000-0000-000000000000","00000000-0000-0000-0000-000000000000",0,0,'','','',"00000000-0000-0000-0000-000000000009" );
INSERT INTO TE_RELATE_USING VALUES ( "00000000-0000-0000-0000-000000000000","00000000-0000-0000-0000-000000000000","00000000-0000-0000-0000-000000000000","00000000-0000-0000-0000-000000000000",0,0,'','','','','','',"00000000-0000-0000-0000-00000000000a" );
INSERT INTO TE_RETURN VALUES ( '','','',"00000000-0000-0000-0000-000000000019" );
INSERT INTO TE_SELECT VALUES ( "00000000-0000-0000-0000-000000000000",1,'ship_Controller','Controller','','any','ctrl',"00000000-0000-0000-0000-00000000000d" );
INSERT INTO TE_SELECT_WHERE VALUES ( "00000000-0000-0000-0000-000000000000",0,'','','','','','','',0,0,"00000000-0000-0000-0000-00000000000e" );
INSERT INTO TE_SGN VALUES ( "00000000-0000-0000-0000-000000000000",0,'','','','',"00000000-0000-0000-0000-000000000014" );
INSERT INTO TE_UNRELATE VALUES ( "00000000-0000-0000-0000-000000000000","00000000-0000-0000-0000-000000000000","00000000-0000-0000-0000-000000000000",0,0,'','','',"00000000-0000-0000-0000-00000000000b" );
INSERT INTO TE_UNRELATE_USING VALUES ( "00000000-0000-0000-0000-000000000000","00000000-0000-0000-0000-000000000000","00000000-0000-0000-0000-000000000000","00000000-0000-0000-0000-000000000000",0,0,'','','','','','',"00000000-0000-0000-0000-00000000000c" );
INSERT INTO TE_WHILE VALUES ( '',"00000000-0000-0000-0000-000000000005" );
INSERT INTO S_EE VALUES ( "00000000-0000-0000-0000-000000000084",'Architecture','','ARCH',"00000000-0000-0000-0000-000000000000",'','Architecture',1 );
INSERT INTO S_EE VALUES ( "00000000-0000-0000-0000-000000000089",'Logging','','LOG',"00000000-0000-0000-0000-000000000000",'','Logging',1 );
INSERT INTO S_EE VALUES ( "00000000-0000-0000-0000-0000000000ac",'Time','The Time external entity provides date, timestamp, and timer related operations.','TIM',"00000000-0000-0000-0000-000000000000",'','Time',1 );
INSERT INTO S_EE VALUES ( "00000000-0000-0000-0000-0000000000ef",'Math','','MATH',"00000000-0000-0000-0000-000000000000",'','Math',1 );
INSERT INTO S_EE VALUES ( "00000000-0000-0000-0000-0000000000f4",'Ship','','Ship',"00000000-0000-0000-0000-000000000000",'','Ship',1 );
INSERT INTO C_C VALUES ( "00000000-0000-0000-0000-000000000003","00000000-0000-0000-0000-000000000000","00000000-0000-0000-0000-000000000000",'ship','',0,"00000000-0000-0000-0000-000000000000",0,'' );
INSERT INTO SM_SM VALUES ( "00000000-0000-0000-0000-000000000040",'',0 );
INSERT INTO SM_STATE VALUES ( "00000000-0000-0000-0000-00000000004d","00000000-0000-0000-0000-000000000040","00000000-0000-0000-0000-000000000000",'init',1,0 );
INSERT INTO SM_STATE VALUES ( "00000000-0000-0000-0000-000000000051","00000000-0000-0000-0000-000000000040","00000000-0000-0000-0000-000000000000",'start',2,0 );
INSERT INTO SM_STATE VALUES ( "00000000-0000-0000-0000-000000000055","00000000-0000-0000-0000-000000000040","00000000-0000-0000-0000-000000000000",'process',3,0 );
INSERT INTO SM_STATE VALUES ( "00000000-0000-0000-0000-00000000006f","00000000-0000-0000-0000-000000000040","00000000-0000-0000-0000-000000000000",'end',4,0 );
INSERT INTO SM_EVT VALUES ( "00000000-0000-0000-0000-00000000002a","00000000-0000-0000-0000-000000000040","00000000-0000-0000-0000-000000000000",1,'init',0,'','Controller1','' );
INSERT INTO SM_EVT VALUES ( "00000000-0000-0000-0000-00000000004b","00000000-0000-0000-0000-000000000040","00000000-0000-0000-0000-000000000000",2,'ok',0,'','Controller2','' );
INSERT INTO SM_EVT VALUES ( "00000000-0000-0000-0000-000000000034","00000000-0000-0000-0000-000000000040","00000000-0000-0000-0000-000000000000",3,'timeout',0,'','Controller3','' );
INSERT INTO SM_EVT VALUES ( "00000000-0000-0000-0000-000000000022","00000000-0000-0000-0000-000000000040","00000000-0000-0000-0000-000000000000",4,'state',0,'','Controller4','' );
INSERT INTO SM_EVT VALUES ( "00000000-0000-0000-0000-00000000004c","00000000-0000-0000-0000-000000000040","00000000-0000-0000-0000-000000000000",5,'end',0,'','Controller5','' );
INSERT INTO SM_SEME VALUES ( "00000000-0000-0000-0000-00000000004d","00000000-0000-0000-0000-00000000002a","00000000-0000-0000-0000-000000000040","00000000-0000-0000-0000-000000000000" );
INSERT INTO SM_SEME VALUES ( "00000000-0000-0000-0000-00000000004d","00000000-0000-0000-0000-00000000004b","00000000-0000-0000-0000-000000000040","00000000-0000-0000-0000-000000000000" );
INSERT INTO SM_SEME VALUES ( "00000000-0000-0000-0000-00000000004d","00000000-0000-0000-0000-000000000034","00000000-0000-0000-0000-000000000040","00000000-0000-0000-0000-000000000000" );
INSERT INTO SM_SEME VALUES ( "00000000-0000-0000-0000-00000000004d","00000000-0000-0000-0000-000000000022","00000000-0000-0000-0000-000000000040","00000000-0000-0000-0000-000000000000" );
INSERT INTO SM_SEME VALUES ( "00000000-0000-0000-0000-00000000004d","00000000-0000-0000-0000-00000000004c","00000000-0000-0000-0000-000000000040","00000000-0000-0000-0000-000000000000" );
INSERT INTO SM_SEME VALUES ( "00000000-0000-0000-0000-000000000051","00000000-0000-0000-0000-00000000002a","00000000-0000-0000-0000-000000000040","00000000-0000-0000-0000-000000000000" );
INSERT INTO SM_SEME VALUES ( "00000000-0000-0000-0000-000000000051","00000000-0000-0000-0000-00000000004b","00000000-0000-0000-0000-000000000040","00000000-0000-0000-0000-000000000000" );
INSERT INTO SM_SEME VALUES ( "00000000-0000-0000-0000-000000000051","00000000-0000-0000-0000-000000000034","00000000-0000-0000-0000-000000000040","00000000-0000-0000-0000-000000000000" );
INSERT INTO SM_SEME VALUES ( "00000000-0000-0000-0000-000000000051","00000000-0000-0000-0000-000000000022","00000000-0000-0000-0000-000000000040","00000000-0000-0000-0000-000000000000" );
INSERT INTO SM_SEME VALUES ( "00000000-0000-0000-0000-000000000051","00000000-0000-0000-0000-00000000004c","00000000-0000-0000-0000-000000000040","00000000-0000-0000-0000-000000000000" );
INSERT INTO SM_SEME VALUES ( "00000000-0000-0000-0000-000000000055","00000000-0000-0000-0000-00000000002a","00000000-0000-0000-0000-000000000040","00000000-0000-0000-0000-000000000000" );
INSERT INTO SM_SEME VALUES ( "00000000-0000-0000-0000-000000000055","00000000-0000-0000-0000-00000000004b","00000000-0000-0000-0000-000000000040","00000000-0000-0000-0000-000000000000" );
INSERT INTO SM_SEME VALUES ( "00000000-0000-0000-0000-000000000055","00000000-0000-0000-0000-000000000034","00000000-0000-0000-0000-000000000040","00000000-0000-0000-0000-000000000000" );
INSERT INTO SM_SEME VALUES ( "00000000-0000-0000-0000-000000000055","00000000-0000-0000-0000-000000000022","00000000-0000-0000-0000-000000000040","00000000-0000-0000-0000-000000000000" );
INSERT INTO SM_SEME VALUES ( "00000000-0000-0000-0000-000000000055","00000000-0000-0000-0000-00000000004c","00000000-0000-0000-0000-000000000040","00000000-0000-0000-0000-000000000000" );
INSERT INTO SM_SEME VALUES ( "00000000-0000-0000-0000-00000000006f","00000000-0000-0000-0000-00000000002a","00000000-0000-0000-0000-000000000040","00000000-0000-0000-0000-000000000000" );
INSERT INTO SM_SEME VALUES ( "00000000-0000-0000-0000-00000000006f","00000000-0000-0000-0000-00000000004b","00000000-0000-0000-0000-000000000040","00000000-0000-0000-0000-000000000000" );
INSERT INTO SM_SEME VALUES ( "00000000-0000-0000-0000-00000000006f","00000000-0000-0000-0000-000000000034","00000000-0000-0000-0000-000000000040","00000000-0000-0000-0000-000000000000" );
INSERT INTO SM_SEME VALUES ( "00000000-0000-0000-0000-00000000006f","00000000-0000-0000-0000-000000000022","00000000-0000-0000-0000-000000000040","00000000-0000-0000-0000-000000000000" );
INSERT INTO SM_SEME VALUES ( "00000000-0000-0000-0000-00000000006f","00000000-0000-0000-0000-00000000004c","00000000-0000-0000-0000-000000000040","00000000-0000-0000-0000-000000000000" );
INSERT INTO SM_NSTXN VALUES ( "00000000-0000-0000-0000-000000000073","00000000-0000-0000-0000-000000000040","00000000-0000-0000-0000-00000000004d","00000000-0000-0000-0000-00000000002a","00000000-0000-0000-0000-000000000000" );
INSERT INTO SM_NSTXN VALUES ( "00000000-0000-0000-0000-000000000077","00000000-0000-0000-0000-000000000040","00000000-0000-0000-0000-000000000051","00000000-0000-0000-0000-000000000022","00000000-0000-0000-0000-000000000000" );
INSERT INTO SM_NSTXN VALUES ( "00000000-0000-0000-0000-00000000007b","00000000-0000-0000-0000-000000000040","00000000-0000-0000-0000-000000000055","00000000-0000-0000-0000-00000000004b","00000000-0000-0000-0000-000000000000" );
INSERT INTO SM_NSTXN VALUES ( "00000000-0000-0000-0000-00000000007f","00000000-0000-0000-0000-000000000040","00000000-0000-0000-0000-000000000055","00000000-0000-0000-0000-00000000004c","00000000-0000-0000-0000-000000000000" );
INSERT INTO SM_CH VALUES ( "00000000-0000-0000-0000-00000000004d","00000000-0000-0000-0000-00000000004b","00000000-0000-0000-0000-000000000040","00000000-0000-0000-0000-000000000000",'' );
INSERT INTO SM_CH VALUES ( "00000000-0000-0000-0000-00000000004d","00000000-0000-0000-0000-000000000034","00000000-0000-0000-0000-000000000040","00000000-0000-0000-0000-000000000000",'' );
INSERT INTO SM_CH VALUES ( "00000000-0000-0000-0000-00000000004d","00000000-0000-0000-0000-000000000022","00000000-0000-0000-0000-000000000040","00000000-0000-0000-0000-000000000000",'' );
INSERT INTO SM_CH VALUES ( "00000000-0000-0000-0000-00000000004d","00000000-0000-0000-0000-00000000004c","00000000-0000-0000-0000-000000000040","00000000-0000-0000-0000-000000000000",'' );
INSERT INTO SM_CH VALUES ( "00000000-0000-0000-0000-000000000051","00000000-0000-0000-0000-00000000002a","00000000-0000-0000-0000-000000000040","00000000-0000-0000-0000-000000000000",'' );
INSERT INTO SM_CH VALUES ( "00000000-0000-0000-0000-000000000051","00000000-0000-0000-0000-00000000004b","00000000-0000-0000-0000-000000000040","00000000-0000-0000-0000-000000000000",'' );
INSERT INTO SM_CH VALUES ( "00000000-0000-0000-0000-000000000051","00000000-0000-0000-0000-000000000034","00000000-0000-0000-0000-000000000040","00000000-0000-0000-0000-000000000000",'' );
INSERT INTO SM_CH VALUES ( "00000000-0000-0000-0000-000000000051","00000000-0000-0000-0000-00000000004c","00000000-0000-0000-0000-000000000040","00000000-0000-0000-0000-000000000000",'' );
INSERT INTO SM_CH VALUES ( "00000000-0000-0000-0000-000000000055","00000000-0000-0000-0000-00000000002a","00000000-0000-0000-0000-000000000040","00000000-0000-0000-0000-000000000000",'' );
INSERT INTO SM_CH VALUES ( "00000000-0000-0000-0000-000000000055","00000000-0000-0000-0000-000000000034","00000000-0000-0000-0000-000000000040","00000000-0000-0000-0000-000000000000",'' );
INSERT INTO SM_CH VALUES ( "00000000-0000-0000-0000-000000000055","00000000-0000-0000-0000-000000000022","00000000-0000-0000-0000-000000000040","00000000-0000-0000-0000-000000000000",'' );
INSERT INTO SM_CH VALUES ( "00000000-0000-0000-0000-00000000006f","00000000-0000-0000-0000-00000000002a","00000000-0000-0000-0000-000000000040","00000000-0000-0000-0000-000000000000",'' );
INSERT INTO SM_CH VALUES ( "00000000-0000-0000-0000-00000000006f","00000000-0000-0000-0000-00000000004b","00000000-0000-0000-0000-000000000040","00000000-0000-0000-0000-000000000000",'' );
INSERT INTO SM_CH VALUES ( "00000000-0000-0000-0000-00000000006f","00000000-0000-0000-0000-000000000034","00000000-0000-0000-0000-000000000040","00000000-0000-0000-0000-000000000000",'' );
INSERT INTO SM_CH VALUES ( "00000000-0000-0000-0000-00000000006f","00000000-0000-0000-0000-000000000022","00000000-0000-0000-0000-000000000040","00000000-0000-0000-0000-000000000000",'' );
INSERT INTO SM_CH VALUES ( "00000000-0000-0000-0000-00000000006f","00000000-0000-0000-0000-00000000004c","00000000-0000-0000-0000-000000000040","00000000-0000-0000-0000-000000000000",'' );
INSERT INTO SM_TXN VALUES ( "00000000-0000-0000-0000-000000000073","00000000-0000-0000-0000-000000000040","00000000-0000-0000-0000-000000000051","00000000-0000-0000-0000-000000000000" );
INSERT INTO SM_TXN VALUES ( "00000000-0000-0000-0000-000000000077","00000000-0000-0000-0000-000000000040","00000000-0000-0000-0000-000000000055","00000000-0000-0000-0000-000000000000" );
INSERT INTO SM_TXN VALUES ( "00000000-0000-0000-0000-00000000007b","00000000-0000-0000-0000-000000000040","00000000-0000-0000-0000-000000000051","00000000-0000-0000-0000-000000000000" );
INSERT INTO SM_TXN VALUES ( "00000000-0000-0000-0000-00000000007f","00000000-0000-0000-0000-000000000040","00000000-0000-0000-0000-00000000006f","00000000-0000-0000-0000-000000000000" );
INSERT INTO SM_MOORE VALUES ( "00000000-0000-0000-0000-000000000040" );
INSERT INTO SM_MOAH VALUES ( "00000000-0000-0000-0000-00000000004e","00000000-0000-0000-0000-000000000040","00000000-0000-0000-0000-00000000004d" );
INSERT INTO SM_MOAH VALUES ( "00000000-0000-0000-0000-000000000052","00000000-0000-0000-0000-000000000040","00000000-0000-0000-0000-000000000051" );
INSERT INTO SM_MOAH VALUES ( "00000000-0000-0000-0000-000000000056","00000000-0000-0000-0000-000000000040","00000000-0000-0000-0000-000000000055" );
INSERT INTO SM_MOAH VALUES ( "00000000-0000-0000-0000-000000000070","00000000-0000-0000-0000-000000000040","00000000-0000-0000-0000-00000000006f" );
INSERT INTO SM_AH VALUES ( "00000000-0000-0000-0000-00000000004e","00000000-0000-0000-0000-000000000040" );
INSERT INTO SM_AH VALUES ( "00000000-0000-0000-0000-000000000052","00000000-0000-0000-0000-000000000040" );
INSERT INTO SM_AH VALUES ( "00000000-0000-0000-0000-000000000056","00000000-0000-0000-0000-000000000040" );
INSERT INTO SM_AH VALUES ( "00000000-0000-0000-0000-000000000070","00000000-0000-0000-0000-000000000040" );
INSERT INTO SM_AH VALUES ( "00000000-0000-0000-0000-000000000074","00000000-0000-0000-0000-000000000040" );
INSERT INTO SM_AH VALUES ( "00000000-0000-0000-0000-000000000078","00000000-0000-0000-0000-000000000040" );
INSERT INTO SM_AH VALUES ( "00000000-0000-0000-0000-00000000007c","00000000-0000-0000-0000-000000000040" );
INSERT INTO SM_AH VALUES ( "00000000-0000-0000-0000-000000000080","00000000-0000-0000-0000-000000000040" );
INSERT INTO SM_ACT VALUES ( "00000000-0000-0000-0000-00000000004e","00000000-0000-0000-0000-000000000040",1,'','',0 );
INSERT INTO SM_ACT VALUES ( "00000000-0000-0000-0000-000000000052","00000000-0000-0000-0000-000000000040",1,'','',0 );
INSERT INTO SM_ACT VALUES ( "00000000-0000-0000-0000-000000000056","00000000-0000-0000-0000-000000000040",1,'select any ctrl from instances of Controller;
alive = rcvd_evt.alive;
if(alive == 1)
	Ship::send(str:"angle 180");
	Ship::send(str:"fire");
	generate Controller2:''ok'' to ctrl;
else
	generate Controller5:''end'' to ctrl;
end if;','',0 );
INSERT INTO SM_ACT VALUES ( "00000000-0000-0000-0000-000000000070","00000000-0000-0000-0000-000000000040",1,'','',0 );
INSERT INTO SM_ACT VALUES ( "00000000-0000-0000-0000-000000000074","00000000-0000-0000-0000-000000000040",1,'','',0 );
INSERT INTO SM_ACT VALUES ( "00000000-0000-0000-0000-000000000078","00000000-0000-0000-0000-000000000040",1,'','',0 );
INSERT INTO SM_ACT VALUES ( "00000000-0000-0000-0000-00000000007c","00000000-0000-0000-0000-000000000040",1,'','',0 );
INSERT INTO SM_ACT VALUES ( "00000000-0000-0000-0000-000000000080","00000000-0000-0000-0000-000000000040",1,'','',0 );
INSERT INTO SM_EVTDI VALUES ( "00000000-0000-0000-0000-000000000041","00000000-0000-0000-0000-000000000040",'alive','',"00000000-0000-0000-0000-000000000008",'',"00000000-0000-0000-0000-000000000022","00000000-0000-0000-0000-000000000000" );
INSERT INTO SM_EVTDI VALUES ( "00000000-0000-0000-0000-000000000042","00000000-0000-0000-0000-000000000040",'px','',"00000000-0000-0000-0000-000000000008",'',"00000000-0000-0000-0000-000000000022","00000000-0000-0000-0000-000000000044" );
INSERT INTO SM_EVTDI VALUES ( "00000000-0000-0000-0000-000000000043","00000000-0000-0000-0000-000000000040",'py','',"00000000-0000-0000-0000-000000000008",'',"00000000-0000-0000-0000-000000000022","00000000-0000-0000-0000-000000000042" );
INSERT INTO SM_EVTDI VALUES ( "00000000-0000-0000-0000-000000000044","00000000-0000-0000-0000-000000000040",'pa','',"00000000-0000-0000-0000-000000000008",'',"00000000-0000-0000-0000-000000000022","00000000-0000-0000-0000-000000000049" );
INSERT INTO SM_EVTDI VALUES ( "00000000-0000-0000-0000-000000000045","00000000-0000-0000-0000-000000000040",'ux','',"00000000-0000-0000-0000-000000000008",'',"00000000-0000-0000-0000-000000000022","00000000-0000-0000-0000-000000000047" );
INSERT INTO SM_EVTDI VALUES ( "00000000-0000-0000-0000-000000000046","00000000-0000-0000-0000-000000000040",'uy','',"00000000-0000-0000-0000-000000000008",'',"00000000-0000-0000-0000-000000000022","00000000-0000-0000-0000-000000000045" );
INSERT INTO SM_EVTDI VALUES ( "00000000-0000-0000-0000-000000000047","00000000-0000-0000-0000-000000000040",'ua','',"00000000-0000-0000-0000-000000000008",'',"00000000-0000-0000-0000-000000000022","00000000-0000-0000-0000-000000000043" );
INSERT INTO SM_EVTDI VALUES ( "00000000-0000-0000-0000-000000000048","00000000-0000-0000-0000-000000000040",'fx','',"00000000-0000-0000-0000-000000000008",'',"00000000-0000-0000-0000-000000000022","00000000-0000-0000-0000-00000000004a" );
INSERT INTO SM_EVTDI VALUES ( "00000000-0000-0000-0000-000000000049","00000000-0000-0000-0000-000000000040",'fy','',"00000000-0000-0000-0000-000000000008",'',"00000000-0000-0000-0000-000000000022","00000000-0000-0000-0000-000000000048" );
INSERT INTO SM_EVTDI VALUES ( "00000000-0000-0000-0000-00000000004a","00000000-0000-0000-0000-000000000040",'fa','',"00000000-0000-0000-0000-000000000008",'',"00000000-0000-0000-0000-000000000022","00000000-0000-0000-0000-000000000041" );
INSERT INTO SM_ISM VALUES ( "00000000-0000-0000-0000-000000000040","00000000-0000-0000-0000-000000000017" );
INSERT INTO SM_SEVT VALUES ( "00000000-0000-0000-0000-00000000002a","00000000-0000-0000-0000-000000000040","00000000-0000-0000-0000-000000000000" );
INSERT INTO SM_SEVT VALUES ( "00000000-0000-0000-0000-00000000004b","00000000-0000-0000-0000-000000000040","00000000-0000-0000-0000-000000000000" );
INSERT INTO SM_SEVT VALUES ( "00000000-0000-0000-0000-000000000034","00000000-0000-0000-0000-000000000040","00000000-0000-0000-0000-000000000000" );
INSERT INTO SM_SEVT VALUES ( "00000000-0000-0000-0000-000000000022","00000000-0000-0000-0000-000000000040","00000000-0000-0000-0000-000000000000" );
INSERT INTO SM_SEVT VALUES ( "00000000-0000-0000-0000-00000000004c","00000000-0000-0000-0000-000000000040","00000000-0000-0000-0000-000000000000" );
INSERT INTO SM_LEVT VALUES ( "00000000-0000-0000-0000-00000000002a","00000000-0000-0000-0000-000000000040","00000000-0000-0000-0000-000000000000" );
INSERT INTO SM_LEVT VALUES ( "00000000-0000-0000-0000-00000000004b","00000000-0000-0000-0000-000000000040","00000000-0000-0000-0000-000000000000" );
INSERT INTO SM_LEVT VALUES ( "00000000-0000-0000-0000-000000000034","00000000-0000-0000-0000-000000000040","00000000-0000-0000-0000-000000000000" );
INSERT INTO SM_LEVT VALUES ( "00000000-0000-0000-0000-000000000022","00000000-0000-0000-0000-000000000040","00000000-0000-0000-0000-000000000000" );
INSERT INTO SM_LEVT VALUES ( "00000000-0000-0000-0000-00000000004c","00000000-0000-0000-0000-000000000040","00000000-0000-0000-0000-000000000000" );
INSERT INTO SM_TAH VALUES ( "00000000-0000-0000-0000-000000000074","00000000-0000-0000-0000-000000000040","00000000-0000-0000-0000-000000000073" );
INSERT INTO SM_TAH VALUES ( "00000000-0000-0000-0000-000000000078","00000000-0000-0000-0000-000000000040","00000000-0000-0000-0000-000000000077" );
INSERT INTO SM_TAH VALUES ( "00000000-0000-0000-0000-00000000007c","00000000-0000-0000-0000-000000000040","00000000-0000-0000-0000-00000000007b" );
INSERT INTO SM_TAH VALUES ( "00000000-0000-0000-0000-000000000080","00000000-0000-0000-0000-000000000040","00000000-0000-0000-0000-00000000007f" );
INSERT INTO E_CEI VALUES ( "00000000-0000-0000-0000-000000000030","00000000-0000-0000-0000-000000000031" );
INSERT INTO E_GEN VALUES ( "00000000-0000-0000-0000-000000000015","00000000-0000-0000-0000-000000000016" );
INSERT INTO E_GEN VALUES ( "00000000-0000-0000-0000-000000000028","00000000-0000-0000-0000-000000000029" );
INSERT INTO E_GEN VALUES ( "00000000-0000-0000-0000-00000000006a","00000000-0000-0000-0000-00000000005b" );
INSERT INTO E_GEN VALUES ( "00000000-0000-0000-0000-00000000006e","00000000-0000-0000-0000-00000000005b" );
INSERT INTO E_ESS VALUES ( "00000000-0000-0000-0000-000000000015",1,0,2,10,2,22,1,35,2,31,2,154 );
INSERT INTO E_ESS VALUES ( "00000000-0000-0000-0000-000000000028",1,0,2,10,2,22,1,32,0,0,0,0 );
INSERT INTO E_ESS VALUES ( "00000000-0000-0000-0000-000000000030",1,0,2,34,2,46,1,35,0,0,0,0 );
INSERT INTO E_ESS VALUES ( "00000000-0000-0000-0000-00000000006a",1,0,6,11,6,23,5,2,0,0,0,0 );
INSERT INTO E_ESS VALUES ( "00000000-0000-0000-0000-00000000006e",1,0,8,11,8,23,0,0,0,0,0,0 );
INSERT INTO E_CES VALUES ( "00000000-0000-0000-0000-000000000030",1,"00000000-0000-0000-0000-000000000033" );
INSERT INTO E_GES VALUES ( "00000000-0000-0000-0000-000000000015" );
INSERT INTO E_GES VALUES ( "00000000-0000-0000-0000-000000000028" );
INSERT INTO E_GES VALUES ( "00000000-0000-0000-0000-00000000006a" );
INSERT INTO E_GES VALUES ( "00000000-0000-0000-0000-00000000006e" );
INSERT INTO E_CSME VALUES ( "00000000-0000-0000-0000-000000000030","00000000-0000-0000-0000-000000000034" );
INSERT INTO E_GSME VALUES ( "00000000-0000-0000-0000-000000000015","00000000-0000-0000-0000-000000000022" );
INSERT INTO E_GSME VALUES ( "00000000-0000-0000-0000-000000000028","00000000-0000-0000-0000-00000000002a" );
INSERT INTO E_GSME VALUES ( "00000000-0000-0000-0000-00000000006a","00000000-0000-0000-0000-00000000004b" );
INSERT INTO E_GSME VALUES ( "00000000-0000-0000-0000-00000000006e","00000000-0000-0000-0000-00000000004c" );
INSERT INTO PE_PE VALUES ( "00000000-0000-0000-0000-000000000003",1,"00000000-0000-0000-0000-000000000002","00000000-0000-0000-0000-000000000000",2 );
INSERT INTO PE_PE VALUES ( "00000000-0000-0000-0000-000000000004",1,"00000000-0000-0000-0000-000000000000","00000000-0000-0000-0000-000000000003",7 );
INSERT INTO PE_PE VALUES ( "00000000-0000-0000-0000-000000000005",1,"00000000-0000-0000-0000-000000000004","00000000-0000-0000-0000-000000000000",1 );
INSERT INTO PE_PE VALUES ( "00000000-0000-0000-0000-000000000024",1,"00000000-0000-0000-0000-000000000004","00000000-0000-0000-0000-000000000000",1 );
INSERT INTO PE_PE VALUES ( "00000000-0000-0000-0000-00000000002b",1,"00000000-0000-0000-0000-000000000004","00000000-0000-0000-0000-000000000000",1 );
INSERT INTO PE_PE VALUES ( "00000000-0000-0000-0000-00000000003d",1,"00000000-0000-0000-0000-000000000000","00000000-0000-0000-0000-000000000003",7 );
INSERT INTO PE_PE VALUES ( "00000000-0000-0000-0000-000000000017",1,"00000000-0000-0000-0000-00000000003d","00000000-0000-0000-0000-000000000000",4 );
INSERT INTO PE_PE VALUES ( "00000000-0000-0000-0000-000000000084",1,"00000000-0000-0000-0000-000000000083","00000000-0000-0000-0000-000000000000",5 );
INSERT INTO PE_PE VALUES ( "00000000-0000-0000-0000-000000000089",1,"00000000-0000-0000-0000-000000000083","00000000-0000-0000-0000-000000000000",5 );
INSERT INTO PE_PE VALUES ( "00000000-0000-0000-0000-0000000000ac",1,"00000000-0000-0000-0000-000000000083","00000000-0000-0000-0000-000000000000",5 );
INSERT INTO PE_PE VALUES ( "00000000-0000-0000-0000-0000000000ef",1,"00000000-0000-0000-0000-000000000083","00000000-0000-0000-0000-000000000000",5 );
INSERT INTO PE_PE VALUES ( "00000000-0000-0000-0000-0000000000f4",1,"00000000-0000-0000-0000-000000000083","00000000-0000-0000-0000-000000000000",5 );
INSERT INTO PE_PE VALUES ( "00000000-0000-0000-0000-000000000006",1,"00000000-0000-0000-0000-000000000000","00000000-0000-0000-0000-000000000000",3 );
INSERT INTO PE_PE VALUES ( "00000000-0000-0000-0000-000000000065",1,"00000000-0000-0000-0000-000000000000","00000000-0000-0000-0000-000000000000",3 );
INSERT INTO PE_PE VALUES ( "00000000-0000-0000-0000-000000000008",1,"00000000-0000-0000-0000-000000000000","00000000-0000-0000-0000-000000000000",3 );
INSERT INTO PE_PE VALUES ( "00000000-0000-0000-0000-0000000000a4",1,"00000000-0000-0000-0000-000000000000","00000000-0000-0000-0000-000000000000",3 );
INSERT INTO PE_PE VALUES ( "00000000-0000-0000-0000-00000000006c",1,"00000000-0000-0000-0000-000000000000","00000000-0000-0000-0000-000000000000",3 );
INSERT INTO PE_PE VALUES ( "00000000-0000-0000-0000-0000000000f8",1,"00000000-0000-0000-0000-000000000000","00000000-0000-0000-0000-000000000000",3 );
INSERT INTO PE_PE VALUES ( "00000000-0000-0000-0000-00000000003f",1,"00000000-0000-0000-0000-000000000000","00000000-0000-0000-0000-000000000000",3 );
INSERT INTO PE_PE VALUES ( "00000000-0000-0000-0000-0000000000f9",1,"00000000-0000-0000-0000-000000000000","00000000-0000-0000-0000-000000000000",3 );
INSERT INTO PE_PE VALUES ( "00000000-0000-0000-0000-000000000023",1,"00000000-0000-0000-0000-000000000000","00000000-0000-0000-0000-000000000000",3 );
INSERT INTO PE_PE VALUES ( "00000000-0000-0000-0000-0000000000fa",1,"00000000-0000-0000-0000-000000000000","00000000-0000-0000-0000-000000000000",3 );
INSERT INTO PE_PE VALUES ( "00000000-0000-0000-0000-00000000003b",1,"00000000-0000-0000-0000-000000000000","00000000-0000-0000-0000-000000000000",3 );
INSERT INTO PE_PE VALUES ( "00000000-0000-0000-0000-0000000000fb",1,"00000000-0000-0000-0000-000000000000","00000000-0000-0000-0000-000000000000",3 );
INSERT INTO PE_PE VALUES ( "00000000-0000-0000-0000-0000000000fc",1,"00000000-0000-0000-0000-000000000000","00000000-0000-0000-0000-000000000000",3 );
INSERT INTO PE_PE VALUES ( "00000000-0000-0000-0000-0000000000fd",1,"00000000-0000-0000-0000-000000000000","00000000-0000-0000-0000-000000000000",3 );
INSERT INTO PE_PE VALUES ( "00000000-0000-0000-0000-000000000098",1,"00000000-0000-0000-0000-000000000000","00000000-0000-0000-0000-000000000000",3 );
INSERT INTO PE_PE VALUES ( "00000000-0000-0000-0000-000000000037",1,"00000000-0000-0000-0000-000000000000","00000000-0000-0000-0000-000000000000",3 );
INSERT INTO PE_PE VALUES ( "00000000-0000-0000-0000-00000000009e",1,"00000000-0000-0000-0000-000000000000","00000000-0000-0000-0000-000000000000",3 );
INSERT INTO S_DT VALUES ( "00000000-0000-0000-0000-000000000006","00000000-0000-0000-0000-000000000000",'void','','' );
INSERT INTO S_DT VALUES ( "00000000-0000-0000-0000-000000000065","00000000-0000-0000-0000-000000000000",'boolean','','' );
INSERT INTO S_DT VALUES ( "00000000-0000-0000-0000-000000000008","00000000-0000-0000-0000-000000000000",'integer','','' );
INSERT INTO S_DT VALUES ( "00000000-0000-0000-0000-0000000000a4","00000000-0000-0000-0000-000000000000",'real','','' );
INSERT INTO S_DT VALUES ( "00000000-0000-0000-0000-00000000006c","00000000-0000-0000-0000-000000000000",'string','','' );
INSERT INTO S_DT VALUES ( "00000000-0000-0000-0000-0000000000f8","00000000-0000-0000-0000-000000000000",'unique_id','','' );
INSERT INTO S_DT VALUES ( "00000000-0000-0000-0000-00000000003f","00000000-0000-0000-0000-000000000000",'state<State_Model>','','' );
INSERT INTO S_DT VALUES ( "00000000-0000-0000-0000-0000000000f9","00000000-0000-0000-0000-000000000000",'same_as<Base_Attribute>','','' );
INSERT INTO S_DT VALUES ( "00000000-0000-0000-0000-000000000023","00000000-0000-0000-0000-000000000000",'inst_ref<Object>','','' );
INSERT INTO S_DT VALUES ( "00000000-0000-0000-0000-0000000000fa","00000000-0000-0000-0000-000000000000",'inst_ref_set<Object>','','' );
INSERT INTO S_DT VALUES ( "00000000-0000-0000-0000-00000000003b","00000000-0000-0000-0000-000000000000",'inst<Event>','','' );
INSERT INTO S_DT VALUES ( "00000000-0000-0000-0000-0000000000fb","00000000-0000-0000-0000-000000000000",'inst<Mapping>','','' );
INSERT INTO S_DT VALUES ( "00000000-0000-0000-0000-0000000000fc","00000000-0000-0000-0000-000000000000",'inst_ref<Mapping>','','' );
INSERT INTO S_DT VALUES ( "00000000-0000-0000-0000-0000000000fd","00000000-0000-0000-0000-000000000000",'component_ref','','' );
INSERT INTO S_DT VALUES ( "00000000-0000-0000-0000-000000000098","00000000-0000-0000-0000-000000000000",'date','','' );
INSERT INTO S_DT VALUES ( "00000000-0000-0000-0000-000000000037","00000000-0000-0000-0000-000000000000",'inst_ref<Timer>','','' );
INSERT INTO S_DT VALUES ( "00000000-0000-0000-0000-00000000009e","00000000-0000-0000-0000-000000000000",'timestamp','','' );
