-- root-types-contained: SystemModel_c,PackageableElement_c,DataType_c,CoreDataType_c,UserDataType_c
-- BP 7.1 content: StreamData syschar: 3 persistence-version: 7.1.6

INSERT INTO S_SYS
	VALUES ("e011d6c8-ba88-4a2a-98c3-6e4383609862",
	'shipctrl',
	1);
INSERT INTO EP_PKG
	VALUES ("52d03187-da28-4b27-896d-f2a249929b02",
	"e011d6c8-ba88-4a2a-98c3-6e4383609862",
	"e011d6c8-ba88-4a2a-98c3-6e4383609862",
	'ship',
	'',
	0);
INSERT INTO PE_PE
	VALUES ("cd2e8975-2ba3-460d-9077-1a9d577f0947",
	1,
	"52d03187-da28-4b27-896d-f2a249929b02",
	"00000000-0000-0000-0000-000000000000",
	2);
INSERT INTO C_C
	VALUES ("cd2e8975-2ba3-460d-9077-1a9d577f0947",
	"00000000-0000-0000-0000-000000000000",
	"00000000-0000-0000-0000-000000000000",
	'ship',
	'',
	0,
	"00000000-0000-0000-0000-000000000000",
	0,
	'');
INSERT INTO PE_PE
	VALUES ("e496f706-7033-4d3f-96bf-d3cbd3f59431",
	1,
	"00000000-0000-0000-0000-000000000000",
	"cd2e8975-2ba3-460d-9077-1a9d577f0947",
	7);
INSERT INTO EP_PKG
	VALUES ("e496f706-7033-4d3f-96bf-d3cbd3f59431",
	"00000000-0000-0000-0000-000000000000",
	"e011d6c8-ba88-4a2a-98c3-6e4383609862",
	'functions',
	'',
	0);
INSERT INTO PE_PE
	VALUES ("7dd43e73-64d7-4c18-8c05-84b6aebc7dcf",
	1,
	"e496f706-7033-4d3f-96bf-d3cbd3f59431",
	"00000000-0000-0000-0000-000000000000",
	1);
INSERT INTO S_SYNC
	VALUES ("7dd43e73-64d7-4c18-8c05-84b6aebc7dcf",
	"00000000-0000-0000-0000-000000000000",
	'recv_state',
	'',
	'select any ctrl from instances of Controller;
generate Controller4:''state'' (alive:param.alive, px:param.px, py:param.py, pa:param.pa, ux:param.ux, uy:param.uy, ua:param.ua, fx:param.fx, fy:param.fy, fa:param.fa) to ctrl;
',
	"ba5eda7a-def5-0000-0000-000000000000",
	1,
	'',
	0);
INSERT INTO S_SPARM
	VALUES ("4357fe0e-423b-4f1e-94fe-1475c5774d84",
	"7dd43e73-64d7-4c18-8c05-84b6aebc7dcf",
	'alive',
	"ba5eda7a-def5-0000-0000-000000000002",
	0,
	'',
	"00000000-0000-0000-0000-000000000000",
	'');
INSERT INTO S_SPARM
	VALUES ("aca19768-1033-4e87-988d-91365c5aef42",
	"7dd43e73-64d7-4c18-8c05-84b6aebc7dcf",
	'px',
	"ba5eda7a-def5-0000-0000-000000000002",
	0,
	'',
	"4357fe0e-423b-4f1e-94fe-1475c5774d84",
	'');
INSERT INTO S_SPARM
	VALUES ("a9fc635d-3a4e-460f-a2f4-96bcd68fdcfa",
	"7dd43e73-64d7-4c18-8c05-84b6aebc7dcf",
	'py',
	"ba5eda7a-def5-0000-0000-000000000002",
	0,
	'',
	"aca19768-1033-4e87-988d-91365c5aef42",
	'');
INSERT INTO S_SPARM
	VALUES ("3f2386ed-15f4-45be-869e-8e147890715e",
	"7dd43e73-64d7-4c18-8c05-84b6aebc7dcf",
	'pa',
	"ba5eda7a-def5-0000-0000-000000000002",
	0,
	'',
	"a9fc635d-3a4e-460f-a2f4-96bcd68fdcfa",
	'');
INSERT INTO S_SPARM
	VALUES ("2262ffde-63a7-47c9-b439-aa1705963a48",
	"7dd43e73-64d7-4c18-8c05-84b6aebc7dcf",
	'ux',
	"ba5eda7a-def5-0000-0000-000000000002",
	0,
	'',
	"3f2386ed-15f4-45be-869e-8e147890715e",
	'');
INSERT INTO S_SPARM
	VALUES ("a42cf733-ce60-43d0-aa95-39771194f9ac",
	"7dd43e73-64d7-4c18-8c05-84b6aebc7dcf",
	'uy',
	"ba5eda7a-def5-0000-0000-000000000002",
	0,
	'',
	"2262ffde-63a7-47c9-b439-aa1705963a48",
	'');
INSERT INTO S_SPARM
	VALUES ("882eb15b-0689-400e-9b14-807d3fb3f21b",
	"7dd43e73-64d7-4c18-8c05-84b6aebc7dcf",
	'ua',
	"ba5eda7a-def5-0000-0000-000000000002",
	0,
	'',
	"a42cf733-ce60-43d0-aa95-39771194f9ac",
	'');
INSERT INTO S_SPARM
	VALUES ("c805e688-3b62-4bb6-805c-65eb8aedfcd7",
	"7dd43e73-64d7-4c18-8c05-84b6aebc7dcf",
	'fx',
	"ba5eda7a-def5-0000-0000-000000000002",
	0,
	'',
	"882eb15b-0689-400e-9b14-807d3fb3f21b",
	'');
INSERT INTO S_SPARM
	VALUES ("a8c6626e-eec5-426a-9e56-d172c4206e78",
	"7dd43e73-64d7-4c18-8c05-84b6aebc7dcf",
	'fy',
	"ba5eda7a-def5-0000-0000-000000000002",
	0,
	'',
	"c805e688-3b62-4bb6-805c-65eb8aedfcd7",
	'');
INSERT INTO S_SPARM
	VALUES ("bbd1364e-3be7-4469-82e9-18a54566796d",
	"7dd43e73-64d7-4c18-8c05-84b6aebc7dcf",
	'fa',
	"ba5eda7a-def5-0000-0000-000000000002",
	0,
	'',
	"a8c6626e-eec5-426a-9e56-d172c4206e78",
	'');
INSERT INTO ACT_FNB
	VALUES ("d2977dfb-3245-46a1-bce5-280cb97050b1",
	"7dd43e73-64d7-4c18-8c05-84b6aebc7dcf");
INSERT INTO ACT_ACT
	VALUES ("d2977dfb-3245-46a1-bce5-280cb97050b1",
	'function',
	0,
	"36f1ea62-b284-43d7-a79a-e44b5800ec3f",
	"00000000-0000-0000-0000-000000000000",
	0,
	'recv_state',
	"00000000-0000-0000-0000-000000000000");
INSERT INTO ACT_BLK
	VALUES ("36f1ea62-b284-43d7-a79a-e44b5800ec3f",
	1,
	0,
	0,
	'V_VAR.Var_ID',
	'alive',
	'fa',
	2,
	1,
	1,
	35,
	0,
	0,
	0,
	0,
	0,
	0,
	0,
	0,
	0,
	"d2977dfb-3245-46a1-bce5-280cb97050b1",
	"00000000-0000-0000-0000-000000000000");
INSERT INTO ACT_SMT
	VALUES ("44a460e3-ca9b-4c03-8048-f9065423fc6d",
	"36f1ea62-b284-43d7-a79a-e44b5800ec3f",
	"a89e408d-178a-4ac7-914b-8c93fc4e27a5",
	1,
	1,
	'recv_state line: 1');
INSERT INTO ACT_FIO
	VALUES ("44a460e3-ca9b-4c03-8048-f9065423fc6d",
	"17dc0301-4b20-4428-81a8-56ad3753a283",
	1,
	'any',
	"bc0b1870-1554-476c-a36f-d530f5a453db",
	1,
	35);
INSERT INTO ACT_SMT
	VALUES ("a89e408d-178a-4ac7-914b-8c93fc4e27a5",
	"36f1ea62-b284-43d7-a79a-e44b5800ec3f",
	"00000000-0000-0000-0000-000000000000",
	2,
	1,
	'recv_state line: 2');
INSERT INTO E_ESS
	VALUES ("a89e408d-178a-4ac7-914b-8c93fc4e27a5",
	1,
	0,
	2,
	10,
	2,
	22,
	1,
	35,
	2,
	31,
	2,
	154);
INSERT INTO V_PAR
	VALUES ("dccaf45f-667d-45ac-8c4f-fe7e36976343",
	"a89e408d-178a-4ac7-914b-8c93fc4e27a5",
	"00000000-0000-0000-0000-000000000000",
	'px',
	"121a003b-863d-413c-bc28-916bcac3b1cd",
	2,
	50);
INSERT INTO V_PAR
	VALUES ("121a003b-863d-413c-bc28-916bcac3b1cd",
	"a89e408d-178a-4ac7-914b-8c93fc4e27a5",
	"00000000-0000-0000-0000-000000000000",
	'py',
	"3e67592d-982d-4df0-9331-91cb5f1395f2",
	2,
	63);
INSERT INTO V_PAR
	VALUES ("3e67592d-982d-4df0-9331-91cb5f1395f2",
	"a89e408d-178a-4ac7-914b-8c93fc4e27a5",
	"00000000-0000-0000-0000-000000000000",
	'pa',
	"367c48d3-a802-4065-89b4-e903e2a58efd",
	2,
	76);
INSERT INTO V_PAR
	VALUES ("367c48d3-a802-4065-89b4-e903e2a58efd",
	"a89e408d-178a-4ac7-914b-8c93fc4e27a5",
	"00000000-0000-0000-0000-000000000000",
	'ux',
	"d6dde24e-f885-441e-850c-3b965151eb09",
	2,
	89);
INSERT INTO V_PAR
	VALUES ("d6dde24e-f885-441e-850c-3b965151eb09",
	"a89e408d-178a-4ac7-914b-8c93fc4e27a5",
	"00000000-0000-0000-0000-000000000000",
	'uy',
	"81c2d82b-54aa-4843-9c20-2e6bd444b5bf",
	2,
	102);
INSERT INTO V_PAR
	VALUES ("81c2d82b-54aa-4843-9c20-2e6bd444b5bf",
	"a89e408d-178a-4ac7-914b-8c93fc4e27a5",
	"00000000-0000-0000-0000-000000000000",
	'ua',
	"7eb3e69e-54f0-4c14-a39b-b8981d56168c",
	2,
	115);
INSERT INTO V_PAR
	VALUES ("7eb3e69e-54f0-4c14-a39b-b8981d56168c",
	"a89e408d-178a-4ac7-914b-8c93fc4e27a5",
	"00000000-0000-0000-0000-000000000000",
	'fx',
	"832728ed-7025-4ef8-9595-d021e0c4a7bd",
	2,
	128);
INSERT INTO V_PAR
	VALUES ("832728ed-7025-4ef8-9595-d021e0c4a7bd",
	"a89e408d-178a-4ac7-914b-8c93fc4e27a5",
	"00000000-0000-0000-0000-000000000000",
	'fy',
	"3147e89a-39a6-4565-820b-c8d5b4e93138",
	2,
	141);
INSERT INTO V_PAR
	VALUES ("3147e89a-39a6-4565-820b-c8d5b4e93138",
	"a89e408d-178a-4ac7-914b-8c93fc4e27a5",
	"00000000-0000-0000-0000-000000000000",
	'fa',
	"00000000-0000-0000-0000-000000000000",
	2,
	154);
INSERT INTO V_PAR
	VALUES ("26494601-5756-48de-9c08-c188f31362d1",
	"a89e408d-178a-4ac7-914b-8c93fc4e27a5",
	"00000000-0000-0000-0000-000000000000",
	'alive',
	"dccaf45f-667d-45ac-8c4f-fe7e36976343",
	2,
	31);
INSERT INTO E_GES
	VALUES ("a89e408d-178a-4ac7-914b-8c93fc4e27a5");
INSERT INTO E_GSME
	VALUES ("a89e408d-178a-4ac7-914b-8c93fc4e27a5",
	"5a15a37c-0088-41a3-b54e-56d2eff12cf6");
INSERT INTO E_GEN
	VALUES ("a89e408d-178a-4ac7-914b-8c93fc4e27a5",
	"17dc0301-4b20-4428-81a8-56ad3753a283");
INSERT INTO V_VAL
	VALUES ("26494601-5756-48de-9c08-c188f31362d1",
	0,
	0,
	2,
	43,
	47,
	0,
	0,
	0,
	0,
	"ba5eda7a-def5-0000-0000-000000000002",
	"36f1ea62-b284-43d7-a79a-e44b5800ec3f");
INSERT INTO V_PVL
	VALUES ("26494601-5756-48de-9c08-c188f31362d1",
	"00000000-0000-0000-0000-000000000000",
	"4357fe0e-423b-4f1e-94fe-1475c5774d84",
	"00000000-0000-0000-0000-000000000000",
	"00000000-0000-0000-0000-000000000000");
INSERT INTO V_VAL
	VALUES ("dccaf45f-667d-45ac-8c4f-fe7e36976343",
	0,
	0,
	2,
	59,
	60,
	0,
	0,
	0,
	0,
	"ba5eda7a-def5-0000-0000-000000000002",
	"36f1ea62-b284-43d7-a79a-e44b5800ec3f");
INSERT INTO V_PVL
	VALUES ("dccaf45f-667d-45ac-8c4f-fe7e36976343",
	"00000000-0000-0000-0000-000000000000",
	"aca19768-1033-4e87-988d-91365c5aef42",
	"00000000-0000-0000-0000-000000000000",
	"00000000-0000-0000-0000-000000000000");
INSERT INTO V_VAL
	VALUES ("121a003b-863d-413c-bc28-916bcac3b1cd",
	0,
	0,
	2,
	72,
	73,
	0,
	0,
	0,
	0,
	"ba5eda7a-def5-0000-0000-000000000002",
	"36f1ea62-b284-43d7-a79a-e44b5800ec3f");
INSERT INTO V_PVL
	VALUES ("121a003b-863d-413c-bc28-916bcac3b1cd",
	"00000000-0000-0000-0000-000000000000",
	"a9fc635d-3a4e-460f-a2f4-96bcd68fdcfa",
	"00000000-0000-0000-0000-000000000000",
	"00000000-0000-0000-0000-000000000000");
INSERT INTO V_VAL
	VALUES ("3e67592d-982d-4df0-9331-91cb5f1395f2",
	0,
	0,
	2,
	85,
	86,
	0,
	0,
	0,
	0,
	"ba5eda7a-def5-0000-0000-000000000002",
	"36f1ea62-b284-43d7-a79a-e44b5800ec3f");
INSERT INTO V_PVL
	VALUES ("3e67592d-982d-4df0-9331-91cb5f1395f2",
	"00000000-0000-0000-0000-000000000000",
	"3f2386ed-15f4-45be-869e-8e147890715e",
	"00000000-0000-0000-0000-000000000000",
	"00000000-0000-0000-0000-000000000000");
INSERT INTO V_VAL
	VALUES ("367c48d3-a802-4065-89b4-e903e2a58efd",
	0,
	0,
	2,
	98,
	99,
	0,
	0,
	0,
	0,
	"ba5eda7a-def5-0000-0000-000000000002",
	"36f1ea62-b284-43d7-a79a-e44b5800ec3f");
INSERT INTO V_PVL
	VALUES ("367c48d3-a802-4065-89b4-e903e2a58efd",
	"00000000-0000-0000-0000-000000000000",
	"2262ffde-63a7-47c9-b439-aa1705963a48",
	"00000000-0000-0000-0000-000000000000",
	"00000000-0000-0000-0000-000000000000");
INSERT INTO V_VAL
	VALUES ("d6dde24e-f885-441e-850c-3b965151eb09",
	0,
	0,
	2,
	111,
	112,
	0,
	0,
	0,
	0,
	"ba5eda7a-def5-0000-0000-000000000002",
	"36f1ea62-b284-43d7-a79a-e44b5800ec3f");
INSERT INTO V_PVL
	VALUES ("d6dde24e-f885-441e-850c-3b965151eb09",
	"00000000-0000-0000-0000-000000000000",
	"a42cf733-ce60-43d0-aa95-39771194f9ac",
	"00000000-0000-0000-0000-000000000000",
	"00000000-0000-0000-0000-000000000000");
INSERT INTO V_VAL
	VALUES ("81c2d82b-54aa-4843-9c20-2e6bd444b5bf",
	0,
	0,
	2,
	124,
	125,
	0,
	0,
	0,
	0,
	"ba5eda7a-def5-0000-0000-000000000002",
	"36f1ea62-b284-43d7-a79a-e44b5800ec3f");
INSERT INTO V_PVL
	VALUES ("81c2d82b-54aa-4843-9c20-2e6bd444b5bf",
	"00000000-0000-0000-0000-000000000000",
	"882eb15b-0689-400e-9b14-807d3fb3f21b",
	"00000000-0000-0000-0000-000000000000",
	"00000000-0000-0000-0000-000000000000");
INSERT INTO V_VAL
	VALUES ("7eb3e69e-54f0-4c14-a39b-b8981d56168c",
	0,
	0,
	2,
	137,
	138,
	0,
	0,
	0,
	0,
	"ba5eda7a-def5-0000-0000-000000000002",
	"36f1ea62-b284-43d7-a79a-e44b5800ec3f");
INSERT INTO V_PVL
	VALUES ("7eb3e69e-54f0-4c14-a39b-b8981d56168c",
	"00000000-0000-0000-0000-000000000000",
	"c805e688-3b62-4bb6-805c-65eb8aedfcd7",
	"00000000-0000-0000-0000-000000000000",
	"00000000-0000-0000-0000-000000000000");
INSERT INTO V_VAL
	VALUES ("832728ed-7025-4ef8-9595-d021e0c4a7bd",
	0,
	0,
	2,
	150,
	151,
	0,
	0,
	0,
	0,
	"ba5eda7a-def5-0000-0000-000000000002",
	"36f1ea62-b284-43d7-a79a-e44b5800ec3f");
INSERT INTO V_PVL
	VALUES ("832728ed-7025-4ef8-9595-d021e0c4a7bd",
	"00000000-0000-0000-0000-000000000000",
	"a8c6626e-eec5-426a-9e56-d172c4206e78",
	"00000000-0000-0000-0000-000000000000",
	"00000000-0000-0000-0000-000000000000");
INSERT INTO V_VAL
	VALUES ("3147e89a-39a6-4565-820b-c8d5b4e93138",
	0,
	0,
	2,
	163,
	164,
	0,
	0,
	0,
	0,
	"ba5eda7a-def5-0000-0000-000000000002",
	"36f1ea62-b284-43d7-a79a-e44b5800ec3f");
INSERT INTO V_PVL
	VALUES ("3147e89a-39a6-4565-820b-c8d5b4e93138",
	"00000000-0000-0000-0000-000000000000",
	"bbd1364e-3be7-4469-82e9-18a54566796d",
	"00000000-0000-0000-0000-000000000000",
	"00000000-0000-0000-0000-000000000000");
INSERT INTO V_VAR
	VALUES ("17dc0301-4b20-4428-81a8-56ad3753a283",
	"36f1ea62-b284-43d7-a79a-e44b5800ec3f",
	'ctrl',
	1,
	"ba5eda7a-def5-0000-0000-000000000008");
INSERT INTO V_INT
	VALUES ("17dc0301-4b20-4428-81a8-56ad3753a283",
	0,
	"bc0b1870-1554-476c-a36f-d530f5a453db");
INSERT INTO PE_PE
	VALUES ("c4147732-e990-4f56-9c2d-d7450a96d1a0",
	1,
	"e496f706-7033-4d3f-96bf-d3cbd3f59431",
	"00000000-0000-0000-0000-000000000000",
	1);
INSERT INTO S_SYNC
	VALUES ("c4147732-e990-4f56-9c2d-d7450a96d1a0",
	"00000000-0000-0000-0000-000000000000",
	'setup',
	'',
	'create object instance ctrl of Controller;
generate Controller1:''init'' to ctrl;',
	"ba5eda7a-def5-0000-0000-000000000000",
	1,
	'',
	0);
INSERT INTO ACT_FNB
	VALUES ("c41d6ae5-a9bb-4b13-b61c-df897c77217d",
	"c4147732-e990-4f56-9c2d-d7450a96d1a0");
INSERT INTO ACT_ACT
	VALUES ("c41d6ae5-a9bb-4b13-b61c-df897c77217d",
	'function',
	0,
	"a6549a36-8c36-4f7d-9bf2-ba91eb41a2af",
	"00000000-0000-0000-0000-000000000000",
	0,
	'setup',
	"00000000-0000-0000-0000-000000000000");
INSERT INTO ACT_BLK
	VALUES ("a6549a36-8c36-4f7d-9bf2-ba91eb41a2af",
	0,
	0,
	0,
	'V_VAR.Var_ID',
	'',
	'',
	2,
	1,
	1,
	32,
	0,
	0,
	0,
	0,
	0,
	0,
	0,
	0,
	0,
	"c41d6ae5-a9bb-4b13-b61c-df897c77217d",
	"00000000-0000-0000-0000-000000000000");
INSERT INTO ACT_SMT
	VALUES ("17d3a37e-b626-4614-91a9-06bde2f3397e",
	"a6549a36-8c36-4f7d-9bf2-ba91eb41a2af",
	"fb070f77-f3de-4fa9-98f2-00e8e5f71cff",
	1,
	1,
	'setup line: 1');
INSERT INTO ACT_CR
	VALUES ("17d3a37e-b626-4614-91a9-06bde2f3397e",
	"8783f558-af57-441c-8db2-90b6a17be21f",
	1,
	"bc0b1870-1554-476c-a36f-d530f5a453db",
	1,
	32);
INSERT INTO ACT_SMT
	VALUES ("fb070f77-f3de-4fa9-98f2-00e8e5f71cff",
	"a6549a36-8c36-4f7d-9bf2-ba91eb41a2af",
	"00000000-0000-0000-0000-000000000000",
	2,
	1,
	'setup line: 2');
INSERT INTO E_ESS
	VALUES ("fb070f77-f3de-4fa9-98f2-00e8e5f71cff",
	1,
	0,
	2,
	10,
	2,
	22,
	1,
	32,
	0,
	0,
	0,
	0);
INSERT INTO E_GES
	VALUES ("fb070f77-f3de-4fa9-98f2-00e8e5f71cff");
INSERT INTO E_GSME
	VALUES ("fb070f77-f3de-4fa9-98f2-00e8e5f71cff",
	"7507835f-ba5b-4add-870a-d1d94916abfb");
INSERT INTO E_GEN
	VALUES ("fb070f77-f3de-4fa9-98f2-00e8e5f71cff",
	"8783f558-af57-441c-8db2-90b6a17be21f");
INSERT INTO V_VAR
	VALUES ("8783f558-af57-441c-8db2-90b6a17be21f",
	"a6549a36-8c36-4f7d-9bf2-ba91eb41a2af",
	'ctrl',
	1,
	"ba5eda7a-def5-0000-0000-000000000008");
INSERT INTO V_INT
	VALUES ("8783f558-af57-441c-8db2-90b6a17be21f",
	0,
	"bc0b1870-1554-476c-a36f-d530f5a453db");
INSERT INTO PE_PE
	VALUES ("c07dc570-723e-41ab-8528-f8061a0909b0",
	1,
	"e496f706-7033-4d3f-96bf-d3cbd3f59431",
	"00000000-0000-0000-0000-000000000000",
	1);
INSERT INTO S_SYNC
	VALUES ("c07dc570-723e-41ab-8528-f8061a0909b0",
	"00000000-0000-0000-0000-000000000000",
	'timer',
	'',
	'select any ctrl from instances of Controller;
create event instance timeout of Controller3:''timeout'' to ctrl;
timer = TIM::timer_start( event_inst:timeout, microseconds:param.microseconds );
',
	"ba5eda7a-def5-0000-0000-000000000000",
	1,
	'',
	0);
INSERT INTO S_SPARM
	VALUES ("f7e10c9c-402f-4813-a583-e09600f577cf",
	"c07dc570-723e-41ab-8528-f8061a0909b0",
	'microseconds',
	"ba5eda7a-def5-0000-0000-000000000002",
	0,
	'',
	"00000000-0000-0000-0000-000000000000",
	'');
INSERT INTO ACT_FNB
	VALUES ("5e4218f7-910c-47b1-92ad-90b1a5561bcd",
	"c07dc570-723e-41ab-8528-f8061a0909b0");
INSERT INTO ACT_ACT
	VALUES ("5e4218f7-910c-47b1-92ad-90b1a5561bcd",
	'function',
	0,
	"bb3273c1-4134-40d4-a7c8-b41289cff192",
	"00000000-0000-0000-0000-000000000000",
	0,
	'timer',
	"00000000-0000-0000-0000-000000000000");
INSERT INTO ACT_BLK
	VALUES ("bb3273c1-4134-40d4-a7c8-b41289cff192",
	1,
	0,
	0,
	'TIM',
	'',
	'',
	3,
	1,
	3,
	9,
	0,
	0,
	0,
	0,
	0,
	0,
	0,
	0,
	0,
	"5e4218f7-910c-47b1-92ad-90b1a5561bcd",
	"00000000-0000-0000-0000-000000000000");
INSERT INTO ACT_SMT
	VALUES ("1e93ba2f-2c73-440c-a612-15caf6bd0e13",
	"bb3273c1-4134-40d4-a7c8-b41289cff192",
	"26ba98f5-a85d-47d4-8aa3-741b65fbaa1b",
	1,
	1,
	'timer line: 1');
INSERT INTO ACT_FIO
	VALUES ("1e93ba2f-2c73-440c-a612-15caf6bd0e13",
	"11ab988d-8108-4bd4-bac1-3e956f263e94",
	1,
	'any',
	"bc0b1870-1554-476c-a36f-d530f5a453db",
	1,
	35);
INSERT INTO ACT_SMT
	VALUES ("26ba98f5-a85d-47d4-8aa3-741b65fbaa1b",
	"bb3273c1-4134-40d4-a7c8-b41289cff192",
	"1a28c148-cec2-4ea9-bef1-270d3aa0507b",
	2,
	1,
	'timer line: 2');
INSERT INTO E_ESS
	VALUES ("26ba98f5-a85d-47d4-8aa3-741b65fbaa1b",
	1,
	0,
	2,
	34,
	2,
	46,
	1,
	35,
	0,
	0,
	0,
	0);
INSERT INTO E_CES
	VALUES ("26ba98f5-a85d-47d4-8aa3-741b65fbaa1b",
	1,
	"40eec449-b833-4a79-aa7d-193c5e867771");
INSERT INTO E_CSME
	VALUES ("26ba98f5-a85d-47d4-8aa3-741b65fbaa1b",
	"1d7da7d2-1f5b-476c-a636-dd434195801c");
INSERT INTO E_CEI
	VALUES ("26ba98f5-a85d-47d4-8aa3-741b65fbaa1b",
	"11ab988d-8108-4bd4-bac1-3e956f263e94");
INSERT INTO ACT_SMT
	VALUES ("1a28c148-cec2-4ea9-bef1-270d3aa0507b",
	"bb3273c1-4134-40d4-a7c8-b41289cff192",
	"00000000-0000-0000-0000-000000000000",
	3,
	1,
	'timer line: 3');
INSERT INTO ACT_AI
	VALUES ("1a28c148-cec2-4ea9-bef1-270d3aa0507b",
	"6d783538-97b1-44f0-b0a0-9e91a1588202",
	"07ef5649-b97e-4c90-abb2-4a01c906276c",
	0,
	0);
INSERT INTO V_VAL
	VALUES ("07ef5649-b97e-4c90-abb2-4a01c906276c",
	1,
	1,
	3,
	1,
	5,
	0,
	0,
	0,
	0,
	"ba5eda7a-def5-0000-0000-00000000000f",
	"bb3273c1-4134-40d4-a7c8-b41289cff192");
INSERT INTO V_TVL
	VALUES ("07ef5649-b97e-4c90-abb2-4a01c906276c",
	"bb1d3218-6cba-4c47-aa3f-c493cf4b5ef9");
INSERT INTO V_VAL
	VALUES ("6d783538-97b1-44f0-b0a0-9e91a1588202",
	0,
	0,
	3,
	14,
	-1,
	3,
	27,
	3,
	47,
	"ba5eda7a-def5-0000-0000-00000000000f",
	"bb3273c1-4134-40d4-a7c8-b41289cff192");
INSERT INTO V_BRV
	VALUES ("6d783538-97b1-44f0-b0a0-9e91a1588202",
	"57fca451-e653-46f6-840e-dde19dad3d53",
	1,
	3,
	9);
INSERT INTO V_VAL
	VALUES ("f822878b-2bbb-4d6b-8beb-85ac71cc017d",
	0,
	0,
	3,
	38,
	44,
	0,
	0,
	0,
	0,
	"ba5eda7a-def5-0000-0000-00000000000a",
	"bb3273c1-4134-40d4-a7c8-b41289cff192");
INSERT INTO V_TVL
	VALUES ("f822878b-2bbb-4d6b-8beb-85ac71cc017d",
	"40eec449-b833-4a79-aa7d-193c5e867771");
INSERT INTO V_PAR
	VALUES ("f822878b-2bbb-4d6b-8beb-85ac71cc017d",
	"00000000-0000-0000-0000-000000000000",
	"6d783538-97b1-44f0-b0a0-9e91a1588202",
	'event_inst',
	"8b995661-df1a-4752-9e62-b632e8d980ca",
	3,
	27);
INSERT INTO V_VAL
	VALUES ("8b995661-df1a-4752-9e62-b632e8d980ca",
	0,
	0,
	3,
	66,
	77,
	0,
	0,
	0,
	0,
	"ba5eda7a-def5-0000-0000-000000000002",
	"bb3273c1-4134-40d4-a7c8-b41289cff192");
INSERT INTO V_PVL
	VALUES ("8b995661-df1a-4752-9e62-b632e8d980ca",
	"00000000-0000-0000-0000-000000000000",
	"f7e10c9c-402f-4813-a583-e09600f577cf",
	"00000000-0000-0000-0000-000000000000",
	"00000000-0000-0000-0000-000000000000");
INSERT INTO V_PAR
	VALUES ("8b995661-df1a-4752-9e62-b632e8d980ca",
	"00000000-0000-0000-0000-000000000000",
	"6d783538-97b1-44f0-b0a0-9e91a1588202",
	'microseconds',
	"00000000-0000-0000-0000-000000000000",
	3,
	47);
INSERT INTO V_VAR
	VALUES ("11ab988d-8108-4bd4-bac1-3e956f263e94",
	"bb3273c1-4134-40d4-a7c8-b41289cff192",
	'ctrl',
	1,
	"ba5eda7a-def5-0000-0000-000000000008");
INSERT INTO V_INT
	VALUES ("11ab988d-8108-4bd4-bac1-3e956f263e94",
	0,
	"bc0b1870-1554-476c-a36f-d530f5a453db");
INSERT INTO V_VAR
	VALUES ("40eec449-b833-4a79-aa7d-193c5e867771",
	"bb3273c1-4134-40d4-a7c8-b41289cff192",
	'timeout',
	1,
	"ba5eda7a-def5-0000-0000-00000000000a");
INSERT INTO V_TRN
	VALUES ("40eec449-b833-4a79-aa7d-193c5e867771",
	"00000000-0000-0000-0000-000000000000",
	'');
INSERT INTO V_VAR
	VALUES ("bb1d3218-6cba-4c47-aa3f-c493cf4b5ef9",
	"bb3273c1-4134-40d4-a7c8-b41289cff192",
	'timer',
	1,
	"ba5eda7a-def5-0000-0000-00000000000f");
INSERT INTO V_TRN
	VALUES ("bb1d3218-6cba-4c47-aa3f-c493cf4b5ef9",
	"00000000-0000-0000-0000-000000000000",
	'');
INSERT INTO PE_PE
	VALUES ("a38a0778-0bcf-4b0f-a2ad-9d349a4e0c6c",
	1,
	"00000000-0000-0000-0000-000000000000",
	"cd2e8975-2ba3-460d-9077-1a9d577f0947",
	7);
INSERT INTO EP_PKG
	VALUES ("a38a0778-0bcf-4b0f-a2ad-9d349a4e0c6c",
	"00000000-0000-0000-0000-000000000000",
	"e011d6c8-ba88-4a2a-98c3-6e4383609862",
	'ship',
	'',
	0);
INSERT INTO PE_PE
	VALUES ("bc0b1870-1554-476c-a36f-d530f5a453db",
	1,
	"a38a0778-0bcf-4b0f-a2ad-9d349a4e0c6c",
	"00000000-0000-0000-0000-000000000000",
	4);
INSERT INTO O_OBJ
	VALUES ("bc0b1870-1554-476c-a36f-d530f5a453db",
	'Controller',
	1,
	'Controller',
	'',
	"00000000-0000-0000-0000-000000000000");
INSERT INTO O_NBATTR
	VALUES ("ca07f772-b12a-4b79-b3bd-ac5ca48590ba",
	"bc0b1870-1554-476c-a36f-d530f5a453db");
INSERT INTO O_BATTR
	VALUES ("ca07f772-b12a-4b79-b3bd-ac5ca48590ba",
	"bc0b1870-1554-476c-a36f-d530f5a453db");
INSERT INTO O_ATTR
	VALUES ("ca07f772-b12a-4b79-b3bd-ac5ca48590ba",
	"bc0b1870-1554-476c-a36f-d530f5a453db",
	"00000000-0000-0000-0000-000000000000",
	'current_state',
	'',
	'',
	'current_state',
	0,
	"ba5eda7a-def5-0000-0000-000000000006",
	'',
	'');
INSERT INTO O_ID
	VALUES (0,
	"bc0b1870-1554-476c-a36f-d530f5a453db");
INSERT INTO O_ID
	VALUES (1,
	"bc0b1870-1554-476c-a36f-d530f5a453db");
INSERT INTO O_ID
	VALUES (2,
	"bc0b1870-1554-476c-a36f-d530f5a453db");
INSERT INTO SM_ISM
	VALUES ("e48358f2-2899-4494-9b6e-ac6435df7c95",
	"bc0b1870-1554-476c-a36f-d530f5a453db");
INSERT INTO SM_SM
	VALUES ("e48358f2-2899-4494-9b6e-ac6435df7c95",
	'',
	0);
INSERT INTO SM_MOORE
	VALUES ("e48358f2-2899-4494-9b6e-ac6435df7c95");
INSERT INTO SM_EVTDI
	VALUES ("11f23a12-2b03-4e8e-a370-21e4e5c86257",
	"e48358f2-2899-4494-9b6e-ac6435df7c95",
	'alive',
	'',
	"ba5eda7a-def5-0000-0000-000000000002",
	'',
	"5a15a37c-0088-41a3-b54e-56d2eff12cf6",
	"00000000-0000-0000-0000-000000000000");
INSERT INTO SM_EVTDI
	VALUES ("57998cfd-f423-48b3-99a6-9d02b7543211",
	"e48358f2-2899-4494-9b6e-ac6435df7c95",
	'px',
	'',
	"ba5eda7a-def5-0000-0000-000000000002",
	'',
	"5a15a37c-0088-41a3-b54e-56d2eff12cf6",
	"11f23a12-2b03-4e8e-a370-21e4e5c86257");
INSERT INTO SM_EVTDI
	VALUES ("0548b7f8-0aaa-4fa4-a6ab-ae7e26c16507",
	"e48358f2-2899-4494-9b6e-ac6435df7c95",
	'py',
	'',
	"ba5eda7a-def5-0000-0000-000000000002",
	'',
	"5a15a37c-0088-41a3-b54e-56d2eff12cf6",
	"57998cfd-f423-48b3-99a6-9d02b7543211");
INSERT INTO SM_EVTDI
	VALUES ("0a8c631d-cf88-46ce-b290-dbf2c11ac254",
	"e48358f2-2899-4494-9b6e-ac6435df7c95",
	'pa',
	'',
	"ba5eda7a-def5-0000-0000-000000000002",
	'',
	"5a15a37c-0088-41a3-b54e-56d2eff12cf6",
	"0548b7f8-0aaa-4fa4-a6ab-ae7e26c16507");
INSERT INTO SM_EVTDI
	VALUES ("d6a0b6c9-757c-4a00-9dff-a5e050ba90cb",
	"e48358f2-2899-4494-9b6e-ac6435df7c95",
	'ux',
	'',
	"ba5eda7a-def5-0000-0000-000000000002",
	'',
	"5a15a37c-0088-41a3-b54e-56d2eff12cf6",
	"0a8c631d-cf88-46ce-b290-dbf2c11ac254");
INSERT INTO SM_EVTDI
	VALUES ("b832d296-d337-415e-9b99-d19ad90429e5",
	"e48358f2-2899-4494-9b6e-ac6435df7c95",
	'uy',
	'',
	"ba5eda7a-def5-0000-0000-000000000002",
	'',
	"5a15a37c-0088-41a3-b54e-56d2eff12cf6",
	"d6a0b6c9-757c-4a00-9dff-a5e050ba90cb");
INSERT INTO SM_EVTDI
	VALUES ("9a13d22f-27d9-482f-afd5-a2abead95c3a",
	"e48358f2-2899-4494-9b6e-ac6435df7c95",
	'ua',
	'',
	"ba5eda7a-def5-0000-0000-000000000002",
	'',
	"5a15a37c-0088-41a3-b54e-56d2eff12cf6",
	"b832d296-d337-415e-9b99-d19ad90429e5");
INSERT INTO SM_EVTDI
	VALUES ("4bce2ba8-2b73-43bf-8e15-565c7b2fd181",
	"e48358f2-2899-4494-9b6e-ac6435df7c95",
	'fx',
	'',
	"ba5eda7a-def5-0000-0000-000000000002",
	'',
	"5a15a37c-0088-41a3-b54e-56d2eff12cf6",
	"9a13d22f-27d9-482f-afd5-a2abead95c3a");
INSERT INTO SM_EVTDI
	VALUES ("c845f1f8-391a-47b7-83d1-c3690d5372a5",
	"e48358f2-2899-4494-9b6e-ac6435df7c95",
	'fy',
	'',
	"ba5eda7a-def5-0000-0000-000000000002",
	'',
	"5a15a37c-0088-41a3-b54e-56d2eff12cf6",
	"4bce2ba8-2b73-43bf-8e15-565c7b2fd181");
INSERT INTO SM_EVTDI
	VALUES ("6869a246-2cf1-4225-8505-0eb06323ab7a",
	"e48358f2-2899-4494-9b6e-ac6435df7c95",
	'fa',
	'',
	"ba5eda7a-def5-0000-0000-000000000002",
	'',
	"5a15a37c-0088-41a3-b54e-56d2eff12cf6",
	"c845f1f8-391a-47b7-83d1-c3690d5372a5");
INSERT INTO SM_LEVT
	VALUES ("7507835f-ba5b-4add-870a-d1d94916abfb",
	"e48358f2-2899-4494-9b6e-ac6435df7c95",
	"00000000-0000-0000-0000-000000000000");
INSERT INTO SM_SEVT
	VALUES ("7507835f-ba5b-4add-870a-d1d94916abfb",
	"e48358f2-2899-4494-9b6e-ac6435df7c95",
	"00000000-0000-0000-0000-000000000000");
INSERT INTO SM_EVT
	VALUES ("7507835f-ba5b-4add-870a-d1d94916abfb",
	"e48358f2-2899-4494-9b6e-ac6435df7c95",
	"00000000-0000-0000-0000-000000000000",
	1,
	'init',
	0,
	'',
	'Controller1',
	'');
INSERT INTO SM_LEVT
	VALUES ("afbea73c-dbdf-4479-9de3-01d1b206303c",
	"e48358f2-2899-4494-9b6e-ac6435df7c95",
	"00000000-0000-0000-0000-000000000000");
INSERT INTO SM_SEVT
	VALUES ("afbea73c-dbdf-4479-9de3-01d1b206303c",
	"e48358f2-2899-4494-9b6e-ac6435df7c95",
	"00000000-0000-0000-0000-000000000000");
INSERT INTO SM_EVT
	VALUES ("afbea73c-dbdf-4479-9de3-01d1b206303c",
	"e48358f2-2899-4494-9b6e-ac6435df7c95",
	"00000000-0000-0000-0000-000000000000",
	2,
	'ok',
	0,
	'',
	'Controller2',
	'');
INSERT INTO SM_LEVT
	VALUES ("1d7da7d2-1f5b-476c-a636-dd434195801c",
	"e48358f2-2899-4494-9b6e-ac6435df7c95",
	"00000000-0000-0000-0000-000000000000");
INSERT INTO SM_SEVT
	VALUES ("1d7da7d2-1f5b-476c-a636-dd434195801c",
	"e48358f2-2899-4494-9b6e-ac6435df7c95",
	"00000000-0000-0000-0000-000000000000");
INSERT INTO SM_EVT
	VALUES ("1d7da7d2-1f5b-476c-a636-dd434195801c",
	"e48358f2-2899-4494-9b6e-ac6435df7c95",
	"00000000-0000-0000-0000-000000000000",
	3,
	'timeout',
	0,
	'',
	'Controller3',
	'');
INSERT INTO SM_LEVT
	VALUES ("5a15a37c-0088-41a3-b54e-56d2eff12cf6",
	"e48358f2-2899-4494-9b6e-ac6435df7c95",
	"00000000-0000-0000-0000-000000000000");
INSERT INTO SM_SEVT
	VALUES ("5a15a37c-0088-41a3-b54e-56d2eff12cf6",
	"e48358f2-2899-4494-9b6e-ac6435df7c95",
	"00000000-0000-0000-0000-000000000000");
INSERT INTO SM_EVT
	VALUES ("5a15a37c-0088-41a3-b54e-56d2eff12cf6",
	"e48358f2-2899-4494-9b6e-ac6435df7c95",
	"00000000-0000-0000-0000-000000000000",
	4,
	'state',
	0,
	'',
	'Controller4',
	'');
INSERT INTO SM_LEVT
	VALUES ("019676ac-89ed-4b3a-8c1d-87f2abdfda3a",
	"e48358f2-2899-4494-9b6e-ac6435df7c95",
	"00000000-0000-0000-0000-000000000000");
INSERT INTO SM_SEVT
	VALUES ("019676ac-89ed-4b3a-8c1d-87f2abdfda3a",
	"e48358f2-2899-4494-9b6e-ac6435df7c95",
	"00000000-0000-0000-0000-000000000000");
INSERT INTO SM_EVT
	VALUES ("019676ac-89ed-4b3a-8c1d-87f2abdfda3a",
	"e48358f2-2899-4494-9b6e-ac6435df7c95",
	"00000000-0000-0000-0000-000000000000",
	5,
	'end',
	0,
	'',
	'Controller5',
	'');
INSERT INTO SM_STATE
	VALUES ("7538d0e0-afd5-4706-8e69-8ada00f2c497",
	"e48358f2-2899-4494-9b6e-ac6435df7c95",
	"00000000-0000-0000-0000-000000000000",
	'init',
	1,
	0);
INSERT INTO SM_SEME
	VALUES ("7538d0e0-afd5-4706-8e69-8ada00f2c497",
	"7507835f-ba5b-4add-870a-d1d94916abfb",
	"e48358f2-2899-4494-9b6e-ac6435df7c95",
	"00000000-0000-0000-0000-000000000000");
INSERT INTO SM_CH
	VALUES ("7538d0e0-afd5-4706-8e69-8ada00f2c497",
	"afbea73c-dbdf-4479-9de3-01d1b206303c",
	"e48358f2-2899-4494-9b6e-ac6435df7c95",
	"00000000-0000-0000-0000-000000000000",
	'');
INSERT INTO SM_SEME
	VALUES ("7538d0e0-afd5-4706-8e69-8ada00f2c497",
	"afbea73c-dbdf-4479-9de3-01d1b206303c",
	"e48358f2-2899-4494-9b6e-ac6435df7c95",
	"00000000-0000-0000-0000-000000000000");
INSERT INTO SM_CH
	VALUES ("7538d0e0-afd5-4706-8e69-8ada00f2c497",
	"1d7da7d2-1f5b-476c-a636-dd434195801c",
	"e48358f2-2899-4494-9b6e-ac6435df7c95",
	"00000000-0000-0000-0000-000000000000",
	'');
INSERT INTO SM_SEME
	VALUES ("7538d0e0-afd5-4706-8e69-8ada00f2c497",
	"1d7da7d2-1f5b-476c-a636-dd434195801c",
	"e48358f2-2899-4494-9b6e-ac6435df7c95",
	"00000000-0000-0000-0000-000000000000");
INSERT INTO SM_CH
	VALUES ("7538d0e0-afd5-4706-8e69-8ada00f2c497",
	"5a15a37c-0088-41a3-b54e-56d2eff12cf6",
	"e48358f2-2899-4494-9b6e-ac6435df7c95",
	"00000000-0000-0000-0000-000000000000",
	'');
INSERT INTO SM_SEME
	VALUES ("7538d0e0-afd5-4706-8e69-8ada00f2c497",
	"5a15a37c-0088-41a3-b54e-56d2eff12cf6",
	"e48358f2-2899-4494-9b6e-ac6435df7c95",
	"00000000-0000-0000-0000-000000000000");
INSERT INTO SM_CH
	VALUES ("7538d0e0-afd5-4706-8e69-8ada00f2c497",
	"019676ac-89ed-4b3a-8c1d-87f2abdfda3a",
	"e48358f2-2899-4494-9b6e-ac6435df7c95",
	"00000000-0000-0000-0000-000000000000",
	'');
INSERT INTO SM_SEME
	VALUES ("7538d0e0-afd5-4706-8e69-8ada00f2c497",
	"019676ac-89ed-4b3a-8c1d-87f2abdfda3a",
	"e48358f2-2899-4494-9b6e-ac6435df7c95",
	"00000000-0000-0000-0000-000000000000");
INSERT INTO SM_MOAH
	VALUES ("263e0a1a-5334-498f-b008-dd28c1edcf13",
	"e48358f2-2899-4494-9b6e-ac6435df7c95",
	"7538d0e0-afd5-4706-8e69-8ada00f2c497");
INSERT INTO SM_AH
	VALUES ("263e0a1a-5334-498f-b008-dd28c1edcf13",
	"e48358f2-2899-4494-9b6e-ac6435df7c95");
INSERT INTO SM_ACT
	VALUES ("263e0a1a-5334-498f-b008-dd28c1edcf13",
	"e48358f2-2899-4494-9b6e-ac6435df7c95",
	1,
	'',
	'',
	0);
INSERT INTO ACT_SAB
	VALUES ("454822e1-ce70-410c-838c-596d8198baf6",
	"e48358f2-2899-4494-9b6e-ac6435df7c95",
	"263e0a1a-5334-498f-b008-dd28c1edcf13");
INSERT INTO ACT_ACT
	VALUES ("454822e1-ce70-410c-838c-596d8198baf6",
	'state',
	0,
	"1d433648-d718-4c0b-8fe5-288157a924bd",
	"00000000-0000-0000-0000-000000000000",
	0,
	'Controller::init',
	"00000000-0000-0000-0000-000000000000");
INSERT INTO ACT_BLK
	VALUES ("1d433648-d718-4c0b-8fe5-288157a924bd",
	0,
	0,
	0,
	'',
	'',
	'',
	0,
	0,
	0,
	0,
	0,
	0,
	0,
	0,
	0,
	0,
	0,
	0,
	0,
	"454822e1-ce70-410c-838c-596d8198baf6",
	"00000000-0000-0000-0000-000000000000");
INSERT INTO SM_STATE
	VALUES ("4cec9234-32bd-4714-88b2-5ccfbbda1546",
	"e48358f2-2899-4494-9b6e-ac6435df7c95",
	"00000000-0000-0000-0000-000000000000",
	'start',
	2,
	0);
INSERT INTO SM_CH
	VALUES ("4cec9234-32bd-4714-88b2-5ccfbbda1546",
	"7507835f-ba5b-4add-870a-d1d94916abfb",
	"e48358f2-2899-4494-9b6e-ac6435df7c95",
	"00000000-0000-0000-0000-000000000000",
	'');
INSERT INTO SM_SEME
	VALUES ("4cec9234-32bd-4714-88b2-5ccfbbda1546",
	"7507835f-ba5b-4add-870a-d1d94916abfb",
	"e48358f2-2899-4494-9b6e-ac6435df7c95",
	"00000000-0000-0000-0000-000000000000");
INSERT INTO SM_CH
	VALUES ("4cec9234-32bd-4714-88b2-5ccfbbda1546",
	"afbea73c-dbdf-4479-9de3-01d1b206303c",
	"e48358f2-2899-4494-9b6e-ac6435df7c95",
	"00000000-0000-0000-0000-000000000000",
	'');
INSERT INTO SM_SEME
	VALUES ("4cec9234-32bd-4714-88b2-5ccfbbda1546",
	"afbea73c-dbdf-4479-9de3-01d1b206303c",
	"e48358f2-2899-4494-9b6e-ac6435df7c95",
	"00000000-0000-0000-0000-000000000000");
INSERT INTO SM_CH
	VALUES ("4cec9234-32bd-4714-88b2-5ccfbbda1546",
	"1d7da7d2-1f5b-476c-a636-dd434195801c",
	"e48358f2-2899-4494-9b6e-ac6435df7c95",
	"00000000-0000-0000-0000-000000000000",
	'');
INSERT INTO SM_SEME
	VALUES ("4cec9234-32bd-4714-88b2-5ccfbbda1546",
	"1d7da7d2-1f5b-476c-a636-dd434195801c",
	"e48358f2-2899-4494-9b6e-ac6435df7c95",
	"00000000-0000-0000-0000-000000000000");
INSERT INTO SM_SEME
	VALUES ("4cec9234-32bd-4714-88b2-5ccfbbda1546",
	"5a15a37c-0088-41a3-b54e-56d2eff12cf6",
	"e48358f2-2899-4494-9b6e-ac6435df7c95",
	"00000000-0000-0000-0000-000000000000");
INSERT INTO SM_CH
	VALUES ("4cec9234-32bd-4714-88b2-5ccfbbda1546",
	"019676ac-89ed-4b3a-8c1d-87f2abdfda3a",
	"e48358f2-2899-4494-9b6e-ac6435df7c95",
	"00000000-0000-0000-0000-000000000000",
	'');
INSERT INTO SM_SEME
	VALUES ("4cec9234-32bd-4714-88b2-5ccfbbda1546",
	"019676ac-89ed-4b3a-8c1d-87f2abdfda3a",
	"e48358f2-2899-4494-9b6e-ac6435df7c95",
	"00000000-0000-0000-0000-000000000000");
INSERT INTO SM_MOAH
	VALUES ("bb9ffb40-6e4e-4202-a30b-912d7131308d",
	"e48358f2-2899-4494-9b6e-ac6435df7c95",
	"4cec9234-32bd-4714-88b2-5ccfbbda1546");
INSERT INTO SM_AH
	VALUES ("bb9ffb40-6e4e-4202-a30b-912d7131308d",
	"e48358f2-2899-4494-9b6e-ac6435df7c95");
INSERT INTO SM_ACT
	VALUES ("bb9ffb40-6e4e-4202-a30b-912d7131308d",
	"e48358f2-2899-4494-9b6e-ac6435df7c95",
	1,
	'',
	'',
	0);
INSERT INTO ACT_SAB
	VALUES ("6cc63c17-2eef-4c50-9c25-a7998c4de9f9",
	"e48358f2-2899-4494-9b6e-ac6435df7c95",
	"bb9ffb40-6e4e-4202-a30b-912d7131308d");
INSERT INTO ACT_ACT
	VALUES ("6cc63c17-2eef-4c50-9c25-a7998c4de9f9",
	'state',
	0,
	"e98f4327-ad85-4a7a-b41a-85a790a7850c",
	"00000000-0000-0000-0000-000000000000",
	0,
	'Controller::start',
	"00000000-0000-0000-0000-000000000000");
INSERT INTO ACT_BLK
	VALUES ("e98f4327-ad85-4a7a-b41a-85a790a7850c",
	0,
	0,
	0,
	'',
	'',
	'',
	0,
	0,
	0,
	0,
	0,
	0,
	0,
	0,
	0,
	0,
	0,
	0,
	0,
	"6cc63c17-2eef-4c50-9c25-a7998c4de9f9",
	"00000000-0000-0000-0000-000000000000");
INSERT INTO SM_STATE
	VALUES ("d7c35e55-8207-4a82-85fd-fd7851252f94",
	"e48358f2-2899-4494-9b6e-ac6435df7c95",
	"00000000-0000-0000-0000-000000000000",
	'process',
	3,
	0);
INSERT INTO SM_CH
	VALUES ("d7c35e55-8207-4a82-85fd-fd7851252f94",
	"7507835f-ba5b-4add-870a-d1d94916abfb",
	"e48358f2-2899-4494-9b6e-ac6435df7c95",
	"00000000-0000-0000-0000-000000000000",
	'');
INSERT INTO SM_SEME
	VALUES ("d7c35e55-8207-4a82-85fd-fd7851252f94",
	"7507835f-ba5b-4add-870a-d1d94916abfb",
	"e48358f2-2899-4494-9b6e-ac6435df7c95",
	"00000000-0000-0000-0000-000000000000");
INSERT INTO SM_SEME
	VALUES ("d7c35e55-8207-4a82-85fd-fd7851252f94",
	"afbea73c-dbdf-4479-9de3-01d1b206303c",
	"e48358f2-2899-4494-9b6e-ac6435df7c95",
	"00000000-0000-0000-0000-000000000000");
INSERT INTO SM_CH
	VALUES ("d7c35e55-8207-4a82-85fd-fd7851252f94",
	"1d7da7d2-1f5b-476c-a636-dd434195801c",
	"e48358f2-2899-4494-9b6e-ac6435df7c95",
	"00000000-0000-0000-0000-000000000000",
	'');
INSERT INTO SM_SEME
	VALUES ("d7c35e55-8207-4a82-85fd-fd7851252f94",
	"1d7da7d2-1f5b-476c-a636-dd434195801c",
	"e48358f2-2899-4494-9b6e-ac6435df7c95",
	"00000000-0000-0000-0000-000000000000");
INSERT INTO SM_CH
	VALUES ("d7c35e55-8207-4a82-85fd-fd7851252f94",
	"5a15a37c-0088-41a3-b54e-56d2eff12cf6",
	"e48358f2-2899-4494-9b6e-ac6435df7c95",
	"00000000-0000-0000-0000-000000000000",
	'');
INSERT INTO SM_SEME
	VALUES ("d7c35e55-8207-4a82-85fd-fd7851252f94",
	"5a15a37c-0088-41a3-b54e-56d2eff12cf6",
	"e48358f2-2899-4494-9b6e-ac6435df7c95",
	"00000000-0000-0000-0000-000000000000");
INSERT INTO SM_SEME
	VALUES ("d7c35e55-8207-4a82-85fd-fd7851252f94",
	"019676ac-89ed-4b3a-8c1d-87f2abdfda3a",
	"e48358f2-2899-4494-9b6e-ac6435df7c95",
	"00000000-0000-0000-0000-000000000000");
INSERT INTO SM_MOAH
	VALUES ("a50dec1f-b005-4f21-9245-4cffc1ec4cbc",
	"e48358f2-2899-4494-9b6e-ac6435df7c95",
	"d7c35e55-8207-4a82-85fd-fd7851252f94");
INSERT INTO SM_AH
	VALUES ("a50dec1f-b005-4f21-9245-4cffc1ec4cbc",
	"e48358f2-2899-4494-9b6e-ac6435df7c95");
INSERT INTO SM_ACT
	VALUES ("a50dec1f-b005-4f21-9245-4cffc1ec4cbc",
	"e48358f2-2899-4494-9b6e-ac6435df7c95",
	1,
	'select any ctrl from instances of Controller;
alive = rcvd_evt.alive;
if(alive == 1)
	Ship::send(str:"angle 180");
	Ship::send(str:"fire");
	generate Controller2:''ok'' to ctrl;
else
	generate Controller5:''end'' to ctrl;
end if;',
	'',
	0);
INSERT INTO ACT_SAB
	VALUES ("ab66c0cd-c362-4977-9649-9cf53cf89d10",
	"e48358f2-2899-4494-9b6e-ac6435df7c95",
	"a50dec1f-b005-4f21-9245-4cffc1ec4cbc");
INSERT INTO ACT_ACT
	VALUES ("ab66c0cd-c362-4977-9649-9cf53cf89d10",
	'state',
	0,
	"58f839b9-b573-4ddc-a496-86325f819f19",
	"00000000-0000-0000-0000-000000000000",
	0,
	'Controller::process',
	"00000000-0000-0000-0000-000000000000");
INSERT INTO ACT_BLK
	VALUES ("58f839b9-b573-4ddc-a496-86325f819f19",
	1,
	0,
	0,
	'',
	'',
	'',
	7,
	1,
	1,
	35,
	0,
	0,
	0,
	0,
	0,
	0,
	0,
	0,
	0,
	"ab66c0cd-c362-4977-9649-9cf53cf89d10",
	"00000000-0000-0000-0000-000000000000");
INSERT INTO ACT_SMT
	VALUES ("330f8e70-0b26-41a5-97d2-beb56fbb3ed6",
	"58f839b9-b573-4ddc-a496-86325f819f19",
	"5fbff69a-eccd-4648-9563-89dff3f0b9ee",
	1,
	1,
	'Controller::process line: 1');
INSERT INTO ACT_FIO
	VALUES ("330f8e70-0b26-41a5-97d2-beb56fbb3ed6",
	"91a58c89-553a-4c52-a828-193da54a07e4",
	1,
	'any',
	"bc0b1870-1554-476c-a36f-d530f5a453db",
	1,
	35);
INSERT INTO ACT_SMT
	VALUES ("5fbff69a-eccd-4648-9563-89dff3f0b9ee",
	"58f839b9-b573-4ddc-a496-86325f819f19",
	"cee45eae-77d0-404d-abb9-b414ab5998ef",
	2,
	1,
	'Controller::process line: 2');
INSERT INTO ACT_AI
	VALUES ("5fbff69a-eccd-4648-9563-89dff3f0b9ee",
	"d1721df5-55fd-405b-87b0-0120ebe6f96b",
	"31c610c5-a872-4354-aaf4-ea624c7bfc11",
	0,
	0);
INSERT INTO ACT_SMT
	VALUES ("cee45eae-77d0-404d-abb9-b414ab5998ef",
	"58f839b9-b573-4ddc-a496-86325f819f19",
	"00000000-0000-0000-0000-000000000000",
	3,
	1,
	'Controller::process line: 3');
INSERT INTO ACT_IF
	VALUES ("cee45eae-77d0-404d-abb9-b414ab5998ef",
	"2846f2e0-ad98-41bd-ba4b-4dd24720bbf7",
	"ac49cb53-227a-46ec-b264-2a5ea1dfe739",
	"00000000-0000-0000-0000-000000000000",
	"00000000-0000-0000-0000-000000000000");
INSERT INTO ACT_SMT
	VALUES ("a6b9a011-b1ec-4067-a2c3-fa3cfbce726f",
	"58f839b9-b573-4ddc-a496-86325f819f19",
	"00000000-0000-0000-0000-000000000000",
	7,
	1,
	'Controller::process line: 7');
INSERT INTO ACT_E
	VALUES ("a6b9a011-b1ec-4067-a2c3-fa3cfbce726f",
	"32049503-02ea-496f-ada5-619fbf18e640",
	"cee45eae-77d0-404d-abb9-b414ab5998ef");
INSERT INTO V_VAL
	VALUES ("31c610c5-a872-4354-aaf4-ea624c7bfc11",
	1,
	1,
	2,
	1,
	5,
	0,
	0,
	0,
	0,
	"ba5eda7a-def5-0000-0000-000000000002",
	"58f839b9-b573-4ddc-a496-86325f819f19");
INSERT INTO V_TVL
	VALUES ("31c610c5-a872-4354-aaf4-ea624c7bfc11",
	"2cb9ad16-fa7f-4144-8d54-e9d11bdc2742");
INSERT INTO V_VAL
	VALUES ("d1721df5-55fd-405b-87b0-0120ebe6f96b",
	0,
	0,
	2,
	18,
	22,
	0,
	0,
	0,
	0,
	"ba5eda7a-def5-0000-0000-000000000002",
	"58f839b9-b573-4ddc-a496-86325f819f19");
INSERT INTO V_EDV
	VALUES ("d1721df5-55fd-405b-87b0-0120ebe6f96b");
INSERT INTO V_EPR
	VALUES ("d1721df5-55fd-405b-87b0-0120ebe6f96b",
	"e48358f2-2899-4494-9b6e-ac6435df7c95",
	"11f23a12-2b03-4e8e-a370-21e4e5c86257",
	"00000000-0000-0000-0000-000000000000");
INSERT INTO V_VAL
	VALUES ("6e319dd6-bab2-4f82-aa58-1d88d3050c27",
	0,
	0,
	3,
	4,
	8,
	0,
	0,
	0,
	0,
	"ba5eda7a-def5-0000-0000-000000000002",
	"58f839b9-b573-4ddc-a496-86325f819f19");
INSERT INTO V_TVL
	VALUES ("6e319dd6-bab2-4f82-aa58-1d88d3050c27",
	"2cb9ad16-fa7f-4144-8d54-e9d11bdc2742");
INSERT INTO V_VAL
	VALUES ("ac49cb53-227a-46ec-b264-2a5ea1dfe739",
	0,
	0,
	3,
	4,
	13,
	0,
	0,
	0,
	0,
	"ba5eda7a-def5-0000-0000-000000000001",
	"58f839b9-b573-4ddc-a496-86325f819f19");
INSERT INTO V_BIN
	VALUES ("ac49cb53-227a-46ec-b264-2a5ea1dfe739",
	"366c2e0c-fbef-4c05-a50d-0292a7009075",
	"6e319dd6-bab2-4f82-aa58-1d88d3050c27",
	'==');
INSERT INTO V_VAL
	VALUES ("366c2e0c-fbef-4c05-a50d-0292a7009075",
	0,
	0,
	3,
	13,
	13,
	0,
	0,
	0,
	0,
	"ba5eda7a-def5-0000-0000-000000000002",
	"58f839b9-b573-4ddc-a496-86325f819f19");
INSERT INTO V_LIN
	VALUES ("366c2e0c-fbef-4c05-a50d-0292a7009075",
	'1');
INSERT INTO V_VAR
	VALUES ("91a58c89-553a-4c52-a828-193da54a07e4",
	"58f839b9-b573-4ddc-a496-86325f819f19",
	'ctrl',
	1,
	"ba5eda7a-def5-0000-0000-000000000008");
INSERT INTO V_INT
	VALUES ("91a58c89-553a-4c52-a828-193da54a07e4",
	0,
	"bc0b1870-1554-476c-a36f-d530f5a453db");
INSERT INTO V_VAR
	VALUES ("2cb9ad16-fa7f-4144-8d54-e9d11bdc2742",
	"58f839b9-b573-4ddc-a496-86325f819f19",
	'alive',
	1,
	"ba5eda7a-def5-0000-0000-000000000002");
INSERT INTO V_TRN
	VALUES ("2cb9ad16-fa7f-4144-8d54-e9d11bdc2742",
	"00000000-0000-0000-0000-000000000000",
	'');
INSERT INTO ACT_BLK
	VALUES ("2846f2e0-ad98-41bd-ba4b-4dd24720bbf7",
	0,
	0,
	0,
	'V_VAR.Var_ID',
	'',
	'',
	6,
	2,
	5,
	2,
	0,
	0,
	0,
	0,
	0,
	0,
	0,
	0,
	0,
	"ab66c0cd-c362-4977-9649-9cf53cf89d10",
	"00000000-0000-0000-0000-000000000000");
INSERT INTO ACT_SMT
	VALUES ("d9b8d695-fbdf-42ed-9164-0787cfad1444",
	"2846f2e0-ad98-41bd-ba4b-4dd24720bbf7",
	"f4bd1f86-8900-40cc-9944-33fdee787042",
	4,
	2,
	'Controller::process line: 4');
INSERT INTO ACT_BRG
	VALUES ("d9b8d695-fbdf-42ed-9164-0787cfad1444",
	"382bee55-5d14-4a66-bd2f-471ca771602b",
	4,
	8,
	4,
	2);
INSERT INTO ACT_SMT
	VALUES ("f4bd1f86-8900-40cc-9944-33fdee787042",
	"2846f2e0-ad98-41bd-ba4b-4dd24720bbf7",
	"e346688e-0ac9-453f-a10e-c6c2f7e702c7",
	5,
	2,
	'Controller::process line: 5');
INSERT INTO ACT_BRG
	VALUES ("f4bd1f86-8900-40cc-9944-33fdee787042",
	"382bee55-5d14-4a66-bd2f-471ca771602b",
	5,
	8,
	5,
	2);
INSERT INTO ACT_SMT
	VALUES ("e346688e-0ac9-453f-a10e-c6c2f7e702c7",
	"2846f2e0-ad98-41bd-ba4b-4dd24720bbf7",
	"00000000-0000-0000-0000-000000000000",
	6,
	2,
	'Controller::process line: 6');
INSERT INTO E_ESS
	VALUES ("e346688e-0ac9-453f-a10e-c6c2f7e702c7",
	1,
	0,
	6,
	11,
	6,
	23,
	5,
	2,
	0,
	0,
	0,
	0);
INSERT INTO E_GES
	VALUES ("e346688e-0ac9-453f-a10e-c6c2f7e702c7");
INSERT INTO E_GSME
	VALUES ("e346688e-0ac9-453f-a10e-c6c2f7e702c7",
	"afbea73c-dbdf-4479-9de3-01d1b206303c");
INSERT INTO E_GEN
	VALUES ("e346688e-0ac9-453f-a10e-c6c2f7e702c7",
	"91a58c89-553a-4c52-a828-193da54a07e4");
INSERT INTO V_VAL
	VALUES ("49e47938-349f-4016-b99f-da7480ce8e76",
	0,
	0,
	4,
	17,
	26,
	0,
	0,
	0,
	0,
	"ba5eda7a-def5-0000-0000-000000000004",
	"2846f2e0-ad98-41bd-ba4b-4dd24720bbf7");
INSERT INTO V_LST
	VALUES ("49e47938-349f-4016-b99f-da7480ce8e76",
	'angle 180');
INSERT INTO V_PAR
	VALUES ("49e47938-349f-4016-b99f-da7480ce8e76",
	"d9b8d695-fbdf-42ed-9164-0787cfad1444",
	"00000000-0000-0000-0000-000000000000",
	'str',
	"00000000-0000-0000-0000-000000000000",
	4,
	13);
INSERT INTO V_VAL
	VALUES ("20031055-b950-47e4-b926-89a62c448306",
	0,
	0,
	5,
	17,
	21,
	0,
	0,
	0,
	0,
	"ba5eda7a-def5-0000-0000-000000000004",
	"2846f2e0-ad98-41bd-ba4b-4dd24720bbf7");
INSERT INTO V_LST
	VALUES ("20031055-b950-47e4-b926-89a62c448306",
	'fire');
INSERT INTO V_PAR
	VALUES ("20031055-b950-47e4-b926-89a62c448306",
	"f4bd1f86-8900-40cc-9944-33fdee787042",
	"00000000-0000-0000-0000-000000000000",
	'str',
	"00000000-0000-0000-0000-000000000000",
	5,
	13);
INSERT INTO ACT_BLK
	VALUES ("32049503-02ea-496f-ada5-619fbf18e640",
	0,
	0,
	0,
	'V_VAR.Var_ID',
	'',
	'',
	8,
	2,
	0,
	0,
	0,
	0,
	0,
	0,
	0,
	0,
	0,
	0,
	0,
	"ab66c0cd-c362-4977-9649-9cf53cf89d10",
	"00000000-0000-0000-0000-000000000000");
INSERT INTO ACT_SMT
	VALUES ("b7d7368d-b94c-4068-a95d-7ea072ab814b",
	"32049503-02ea-496f-ada5-619fbf18e640",
	"00000000-0000-0000-0000-000000000000",
	8,
	2,
	'Controller::process line: 8');
INSERT INTO E_ESS
	VALUES ("b7d7368d-b94c-4068-a95d-7ea072ab814b",
	1,
	0,
	8,
	11,
	8,
	23,
	0,
	0,
	0,
	0,
	0,
	0);
INSERT INTO E_GES
	VALUES ("b7d7368d-b94c-4068-a95d-7ea072ab814b");
INSERT INTO E_GSME
	VALUES ("b7d7368d-b94c-4068-a95d-7ea072ab814b",
	"019676ac-89ed-4b3a-8c1d-87f2abdfda3a");
INSERT INTO E_GEN
	VALUES ("b7d7368d-b94c-4068-a95d-7ea072ab814b",
	"91a58c89-553a-4c52-a828-193da54a07e4");
INSERT INTO SM_STATE
	VALUES ("bf623bbe-55f0-4eaa-900c-550656d58847",
	"e48358f2-2899-4494-9b6e-ac6435df7c95",
	"00000000-0000-0000-0000-000000000000",
	'end',
	4,
	0);
INSERT INTO SM_CH
	VALUES ("bf623bbe-55f0-4eaa-900c-550656d58847",
	"7507835f-ba5b-4add-870a-d1d94916abfb",
	"e48358f2-2899-4494-9b6e-ac6435df7c95",
	"00000000-0000-0000-0000-000000000000",
	'');
INSERT INTO SM_SEME
	VALUES ("bf623bbe-55f0-4eaa-900c-550656d58847",
	"7507835f-ba5b-4add-870a-d1d94916abfb",
	"e48358f2-2899-4494-9b6e-ac6435df7c95",
	"00000000-0000-0000-0000-000000000000");
INSERT INTO SM_CH
	VALUES ("bf623bbe-55f0-4eaa-900c-550656d58847",
	"afbea73c-dbdf-4479-9de3-01d1b206303c",
	"e48358f2-2899-4494-9b6e-ac6435df7c95",
	"00000000-0000-0000-0000-000000000000",
	'');
INSERT INTO SM_SEME
	VALUES ("bf623bbe-55f0-4eaa-900c-550656d58847",
	"afbea73c-dbdf-4479-9de3-01d1b206303c",
	"e48358f2-2899-4494-9b6e-ac6435df7c95",
	"00000000-0000-0000-0000-000000000000");
INSERT INTO SM_CH
	VALUES ("bf623bbe-55f0-4eaa-900c-550656d58847",
	"1d7da7d2-1f5b-476c-a636-dd434195801c",
	"e48358f2-2899-4494-9b6e-ac6435df7c95",
	"00000000-0000-0000-0000-000000000000",
	'');
INSERT INTO SM_SEME
	VALUES ("bf623bbe-55f0-4eaa-900c-550656d58847",
	"1d7da7d2-1f5b-476c-a636-dd434195801c",
	"e48358f2-2899-4494-9b6e-ac6435df7c95",
	"00000000-0000-0000-0000-000000000000");
INSERT INTO SM_CH
	VALUES ("bf623bbe-55f0-4eaa-900c-550656d58847",
	"5a15a37c-0088-41a3-b54e-56d2eff12cf6",
	"e48358f2-2899-4494-9b6e-ac6435df7c95",
	"00000000-0000-0000-0000-000000000000",
	'');
INSERT INTO SM_SEME
	VALUES ("bf623bbe-55f0-4eaa-900c-550656d58847",
	"5a15a37c-0088-41a3-b54e-56d2eff12cf6",
	"e48358f2-2899-4494-9b6e-ac6435df7c95",
	"00000000-0000-0000-0000-000000000000");
INSERT INTO SM_CH
	VALUES ("bf623bbe-55f0-4eaa-900c-550656d58847",
	"019676ac-89ed-4b3a-8c1d-87f2abdfda3a",
	"e48358f2-2899-4494-9b6e-ac6435df7c95",
	"00000000-0000-0000-0000-000000000000",
	'');
INSERT INTO SM_SEME
	VALUES ("bf623bbe-55f0-4eaa-900c-550656d58847",
	"019676ac-89ed-4b3a-8c1d-87f2abdfda3a",
	"e48358f2-2899-4494-9b6e-ac6435df7c95",
	"00000000-0000-0000-0000-000000000000");
INSERT INTO SM_MOAH
	VALUES ("c9c92a51-d3c4-4e7c-8b27-12a2a22c1dea",
	"e48358f2-2899-4494-9b6e-ac6435df7c95",
	"bf623bbe-55f0-4eaa-900c-550656d58847");
INSERT INTO SM_AH
	VALUES ("c9c92a51-d3c4-4e7c-8b27-12a2a22c1dea",
	"e48358f2-2899-4494-9b6e-ac6435df7c95");
INSERT INTO SM_ACT
	VALUES ("c9c92a51-d3c4-4e7c-8b27-12a2a22c1dea",
	"e48358f2-2899-4494-9b6e-ac6435df7c95",
	1,
	'',
	'',
	0);
INSERT INTO ACT_SAB
	VALUES ("604e3492-212e-432e-b96c-9b2d119c3385",
	"e48358f2-2899-4494-9b6e-ac6435df7c95",
	"c9c92a51-d3c4-4e7c-8b27-12a2a22c1dea");
INSERT INTO ACT_ACT
	VALUES ("604e3492-212e-432e-b96c-9b2d119c3385",
	'state',
	0,
	"7ab46afd-0458-4917-8263-06225b48cc8d",
	"00000000-0000-0000-0000-000000000000",
	0,
	'Controller::end',
	"00000000-0000-0000-0000-000000000000");
INSERT INTO ACT_BLK
	VALUES ("7ab46afd-0458-4917-8263-06225b48cc8d",
	0,
	0,
	0,
	'',
	'',
	'',
	0,
	0,
	0,
	0,
	0,
	0,
	0,
	0,
	0,
	0,
	0,
	0,
	0,
	"604e3492-212e-432e-b96c-9b2d119c3385",
	"00000000-0000-0000-0000-000000000000");
INSERT INTO SM_NSTXN
	VALUES ("ab85b501-ece1-4b4f-835b-df94a7ae128b",
	"e48358f2-2899-4494-9b6e-ac6435df7c95",
	"7538d0e0-afd5-4706-8e69-8ada00f2c497",
	"7507835f-ba5b-4add-870a-d1d94916abfb",
	"00000000-0000-0000-0000-000000000000");
INSERT INTO SM_TAH
	VALUES ("6f122db5-fdf2-43d8-aba2-ec84c88d51f1",
	"e48358f2-2899-4494-9b6e-ac6435df7c95",
	"ab85b501-ece1-4b4f-835b-df94a7ae128b");
INSERT INTO SM_AH
	VALUES ("6f122db5-fdf2-43d8-aba2-ec84c88d51f1",
	"e48358f2-2899-4494-9b6e-ac6435df7c95");
INSERT INTO SM_ACT
	VALUES ("6f122db5-fdf2-43d8-aba2-ec84c88d51f1",
	"e48358f2-2899-4494-9b6e-ac6435df7c95",
	1,
	'',
	'',
	0);
INSERT INTO ACT_TAB
	VALUES ("c7e2a262-b628-4f61-98d4-6a87a7275f1c",
	"e48358f2-2899-4494-9b6e-ac6435df7c95",
	"6f122db5-fdf2-43d8-aba2-ec84c88d51f1");
INSERT INTO ACT_ACT
	VALUES ("c7e2a262-b628-4f61-98d4-6a87a7275f1c",
	'transition',
	0,
	"bc732a7a-58a9-40e7-ac7b-59cdc04aa345",
	"00000000-0000-0000-0000-000000000000",
	0,
	'Controller1: init',
	"00000000-0000-0000-0000-000000000000");
INSERT INTO ACT_BLK
	VALUES ("bc732a7a-58a9-40e7-ac7b-59cdc04aa345",
	0,
	0,
	0,
	'',
	'',
	'',
	0,
	0,
	0,
	0,
	0,
	0,
	0,
	0,
	0,
	0,
	0,
	0,
	0,
	"c7e2a262-b628-4f61-98d4-6a87a7275f1c",
	"00000000-0000-0000-0000-000000000000");
INSERT INTO SM_TXN
	VALUES ("ab85b501-ece1-4b4f-835b-df94a7ae128b",
	"e48358f2-2899-4494-9b6e-ac6435df7c95",
	"4cec9234-32bd-4714-88b2-5ccfbbda1546",
	"00000000-0000-0000-0000-000000000000");
INSERT INTO SM_NSTXN
	VALUES ("5018dec2-6548-4f57-80fa-7d6d6498aabb",
	"e48358f2-2899-4494-9b6e-ac6435df7c95",
	"4cec9234-32bd-4714-88b2-5ccfbbda1546",
	"5a15a37c-0088-41a3-b54e-56d2eff12cf6",
	"00000000-0000-0000-0000-000000000000");
INSERT INTO SM_TAH
	VALUES ("f7847d84-0908-4bc3-9b90-76960fb6b134",
	"e48358f2-2899-4494-9b6e-ac6435df7c95",
	"5018dec2-6548-4f57-80fa-7d6d6498aabb");
INSERT INTO SM_AH
	VALUES ("f7847d84-0908-4bc3-9b90-76960fb6b134",
	"e48358f2-2899-4494-9b6e-ac6435df7c95");
INSERT INTO SM_ACT
	VALUES ("f7847d84-0908-4bc3-9b90-76960fb6b134",
	"e48358f2-2899-4494-9b6e-ac6435df7c95",
	1,
	'',
	'',
	0);
INSERT INTO ACT_TAB
	VALUES ("4930e97b-3b80-43c8-862b-24bf3e509674",
	"e48358f2-2899-4494-9b6e-ac6435df7c95",
	"f7847d84-0908-4bc3-9b90-76960fb6b134");
INSERT INTO ACT_ACT
	VALUES ("4930e97b-3b80-43c8-862b-24bf3e509674",
	'transition',
	0,
	"7a93325b-b95b-437b-b349-b47ae39a6549",
	"00000000-0000-0000-0000-000000000000",
	0,
	'Controller4: state',
	"00000000-0000-0000-0000-000000000000");
INSERT INTO ACT_BLK
	VALUES ("7a93325b-b95b-437b-b349-b47ae39a6549",
	0,
	0,
	0,
	'',
	'',
	'',
	0,
	0,
	0,
	0,
	0,
	0,
	0,
	0,
	0,
	0,
	0,
	0,
	0,
	"4930e97b-3b80-43c8-862b-24bf3e509674",
	"00000000-0000-0000-0000-000000000000");
INSERT INTO SM_TXN
	VALUES ("5018dec2-6548-4f57-80fa-7d6d6498aabb",
	"e48358f2-2899-4494-9b6e-ac6435df7c95",
	"d7c35e55-8207-4a82-85fd-fd7851252f94",
	"00000000-0000-0000-0000-000000000000");
INSERT INTO SM_NSTXN
	VALUES ("e3b11705-a068-4d81-ba4f-d1ca56304650",
	"e48358f2-2899-4494-9b6e-ac6435df7c95",
	"d7c35e55-8207-4a82-85fd-fd7851252f94",
	"afbea73c-dbdf-4479-9de3-01d1b206303c",
	"00000000-0000-0000-0000-000000000000");
INSERT INTO SM_TAH
	VALUES ("1794042e-115a-44cf-b09c-d16a7b050a7e",
	"e48358f2-2899-4494-9b6e-ac6435df7c95",
	"e3b11705-a068-4d81-ba4f-d1ca56304650");
INSERT INTO SM_AH
	VALUES ("1794042e-115a-44cf-b09c-d16a7b050a7e",
	"e48358f2-2899-4494-9b6e-ac6435df7c95");
INSERT INTO SM_ACT
	VALUES ("1794042e-115a-44cf-b09c-d16a7b050a7e",
	"e48358f2-2899-4494-9b6e-ac6435df7c95",
	1,
	'',
	'',
	0);
INSERT INTO ACT_TAB
	VALUES ("053555a3-5a8d-4698-a6ae-9eef8f6abefd",
	"e48358f2-2899-4494-9b6e-ac6435df7c95",
	"1794042e-115a-44cf-b09c-d16a7b050a7e");
INSERT INTO ACT_ACT
	VALUES ("053555a3-5a8d-4698-a6ae-9eef8f6abefd",
	'transition',
	0,
	"1f103f58-e67d-4ef6-999e-2b7edbe7e588",
	"00000000-0000-0000-0000-000000000000",
	0,
	'Controller2: ok',
	"00000000-0000-0000-0000-000000000000");
INSERT INTO ACT_BLK
	VALUES ("1f103f58-e67d-4ef6-999e-2b7edbe7e588",
	0,
	0,
	0,
	'',
	'',
	'',
	0,
	0,
	0,
	0,
	0,
	0,
	0,
	0,
	0,
	0,
	0,
	0,
	0,
	"053555a3-5a8d-4698-a6ae-9eef8f6abefd",
	"00000000-0000-0000-0000-000000000000");
INSERT INTO SM_TXN
	VALUES ("e3b11705-a068-4d81-ba4f-d1ca56304650",
	"e48358f2-2899-4494-9b6e-ac6435df7c95",
	"4cec9234-32bd-4714-88b2-5ccfbbda1546",
	"00000000-0000-0000-0000-000000000000");
INSERT INTO SM_NSTXN
	VALUES ("7a152f27-04f2-4238-a6de-0fc5179f4eae",
	"e48358f2-2899-4494-9b6e-ac6435df7c95",
	"d7c35e55-8207-4a82-85fd-fd7851252f94",
	"019676ac-89ed-4b3a-8c1d-87f2abdfda3a",
	"00000000-0000-0000-0000-000000000000");
INSERT INTO SM_TAH
	VALUES ("ce0fa662-0c54-4659-afa3-9aff7f668ca3",
	"e48358f2-2899-4494-9b6e-ac6435df7c95",
	"7a152f27-04f2-4238-a6de-0fc5179f4eae");
INSERT INTO SM_AH
	VALUES ("ce0fa662-0c54-4659-afa3-9aff7f668ca3",
	"e48358f2-2899-4494-9b6e-ac6435df7c95");
INSERT INTO SM_ACT
	VALUES ("ce0fa662-0c54-4659-afa3-9aff7f668ca3",
	"e48358f2-2899-4494-9b6e-ac6435df7c95",
	1,
	'',
	'',
	0);
INSERT INTO ACT_TAB
	VALUES ("e2f5ea1b-6519-4b6e-a04e-5ef3dc4f4221",
	"e48358f2-2899-4494-9b6e-ac6435df7c95",
	"ce0fa662-0c54-4659-afa3-9aff7f668ca3");
INSERT INTO ACT_ACT
	VALUES ("e2f5ea1b-6519-4b6e-a04e-5ef3dc4f4221",
	'transition',
	0,
	"9960975f-ad8a-4f02-a3af-0b7ab9429eb0",
	"00000000-0000-0000-0000-000000000000",
	0,
	'Controller5: end',
	"00000000-0000-0000-0000-000000000000");
INSERT INTO ACT_BLK
	VALUES ("9960975f-ad8a-4f02-a3af-0b7ab9429eb0",
	0,
	0,
	0,
	'',
	'',
	'',
	0,
	0,
	0,
	0,
	0,
	0,
	0,
	0,
	0,
	0,
	0,
	0,
	0,
	"e2f5ea1b-6519-4b6e-a04e-5ef3dc4f4221",
	"00000000-0000-0000-0000-000000000000");
INSERT INTO SM_TXN
	VALUES ("7a152f27-04f2-4238-a6de-0fc5179f4eae",
	"e48358f2-2899-4494-9b6e-ac6435df7c95",
	"bf623bbe-55f0-4eaa-900c-550656d58847",
	"00000000-0000-0000-0000-000000000000");
INSERT INTO EP_PKG
	VALUES ("6f9f9af0-2a79-4330-8ed1-c98f678c273e",
	"e011d6c8-ba88-4a2a-98c3-6e4383609862",
	"e011d6c8-ba88-4a2a-98c3-6e4383609862",
	'Shared_EEs',
	'',
	0);
INSERT INTO PE_PE
	VALUES ("b05f5b34-36c5-4471-9acd-c6ca12782341",
	1,
	"6f9f9af0-2a79-4330-8ed1-c98f678c273e",
	"00000000-0000-0000-0000-000000000000",
	5);
INSERT INTO S_EE
	VALUES ("b05f5b34-36c5-4471-9acd-c6ca12782341",
	'Architecture',
	'',
	'ARCH',
	"00000000-0000-0000-0000-000000000000",
	'',
	'Architecture',
	1);
INSERT INTO S_BRG
	VALUES ("34f68757-dcd8-4b53-8899-2d2afa11f79e",
	"b05f5b34-36c5-4471-9acd-c6ca12782341",
	'shutdown',
	'',
	0,
	"ba5eda7a-def5-0000-0000-000000000000",
	'control stop;',
	1,
	'',
	0);
INSERT INTO ACT_BRB
	VALUES ("3471a93f-ede4-4c57-875a-ecbd77a423d9",
	"34f68757-dcd8-4b53-8899-2d2afa11f79e");
INSERT INTO ACT_ACT
	VALUES ("3471a93f-ede4-4c57-875a-ecbd77a423d9",
	'bridge',
	0,
	"b9e4efcd-82cc-47ec-af39-97acdbe052e1",
	"00000000-0000-0000-0000-000000000000",
	0,
	'Architecture::shutdown',
	"00000000-0000-0000-0000-000000000000");
INSERT INTO ACT_BLK
	VALUES ("b9e4efcd-82cc-47ec-af39-97acdbe052e1",
	0,
	0,
	0,
	'',
	'',
	'',
	1,
	1,
	0,
	0,
	0,
	0,
	0,
	0,
	0,
	0,
	0,
	0,
	0,
	"3471a93f-ede4-4c57-875a-ecbd77a423d9",
	"00000000-0000-0000-0000-000000000000");
INSERT INTO ACT_SMT
	VALUES ("333e0798-cf0c-467b-af31-67b8d1de0dfb",
	"b9e4efcd-82cc-47ec-af39-97acdbe052e1",
	"00000000-0000-0000-0000-000000000000",
	1,
	1,
	'Architecture::shutdown line: 1');
INSERT INTO ACT_CTL
	VALUES ("333e0798-cf0c-467b-af31-67b8d1de0dfb");
INSERT INTO PE_PE
	VALUES ("5224db1c-0a9d-485f-9185-327a23a0eb32",
	1,
	"6f9f9af0-2a79-4330-8ed1-c98f678c273e",
	"00000000-0000-0000-0000-000000000000",
	5);
INSERT INTO S_EE
	VALUES ("5224db1c-0a9d-485f-9185-327a23a0eb32",
	'Logging',
	'',
	'LOG',
	"00000000-0000-0000-0000-000000000000",
	'',
	'Logging',
	1);
INSERT INTO S_BRG
	VALUES ("d09468cf-7d68-4055-86cf-3864709207ae",
	"5224db1c-0a9d-485f-9185-327a23a0eb32",
	'LogSuccess',
	'',
	0,
	"ba5eda7a-def5-0000-0000-000000000000",
	'',
	1,
	'',
	0);
INSERT INTO S_BPARM
	VALUES ("16fe2004-02a0-495f-ad8d-7580ceaf0000",
	"d09468cf-7d68-4055-86cf-3864709207ae",
	'message',
	"ba5eda7a-def5-0000-0000-000000000004",
	0,
	'',
	"00000000-0000-0000-0000-000000000000",
	'');
INSERT INTO ACT_BRB
	VALUES ("c6e4bd8c-94fd-4f10-8d3a-ba5d41cd833b",
	"d09468cf-7d68-4055-86cf-3864709207ae");
INSERT INTO ACT_ACT
	VALUES ("c6e4bd8c-94fd-4f10-8d3a-ba5d41cd833b",
	'bridge',
	0,
	"52d6ab88-c73e-4355-a47b-79e986fc20f2",
	"00000000-0000-0000-0000-000000000000",
	0,
	'Logging::LogSuccess',
	"00000000-0000-0000-0000-000000000000");
INSERT INTO ACT_BLK
	VALUES ("52d6ab88-c73e-4355-a47b-79e986fc20f2",
	0,
	0,
	0,
	'',
	'',
	'',
	0,
	0,
	0,
	0,
	0,
	0,
	0,
	0,
	0,
	0,
	0,
	0,
	0,
	"c6e4bd8c-94fd-4f10-8d3a-ba5d41cd833b",
	"00000000-0000-0000-0000-000000000000");
INSERT INTO S_BRG
	VALUES ("5c44e1b6-8701-467d-92ba-033cfea91e33",
	"5224db1c-0a9d-485f-9185-327a23a0eb32",
	'LogFailure',
	'',
	0,
	"ba5eda7a-def5-0000-0000-000000000000",
	'',
	1,
	'',
	0);
INSERT INTO S_BPARM
	VALUES ("680ca474-4a7e-448b-b4f1-55f6fbfc60f1",
	"5c44e1b6-8701-467d-92ba-033cfea91e33",
	'message',
	"ba5eda7a-def5-0000-0000-000000000004",
	0,
	'',
	"00000000-0000-0000-0000-000000000000",
	'');
INSERT INTO ACT_BRB
	VALUES ("9915e1c9-8ffe-4ec2-9a0f-8907a70981e6",
	"5c44e1b6-8701-467d-92ba-033cfea91e33");
INSERT INTO ACT_ACT
	VALUES ("9915e1c9-8ffe-4ec2-9a0f-8907a70981e6",
	'bridge',
	0,
	"ee63724a-e75a-475b-b7ed-d2e1672249e5",
	"00000000-0000-0000-0000-000000000000",
	0,
	'Logging::LogFailure',
	"00000000-0000-0000-0000-000000000000");
INSERT INTO ACT_BLK
	VALUES ("ee63724a-e75a-475b-b7ed-d2e1672249e5",
	0,
	0,
	0,
	'',
	'',
	'',
	0,
	0,
	0,
	0,
	0,
	0,
	0,
	0,
	0,
	0,
	0,
	0,
	0,
	"9915e1c9-8ffe-4ec2-9a0f-8907a70981e6",
	"00000000-0000-0000-0000-000000000000");
INSERT INTO S_BRG
	VALUES ("a0b0b937-53b7-40b4-89c8-2bf8c608949f",
	"5224db1c-0a9d-485f-9185-327a23a0eb32",
	'LogInfo',
	'',
	0,
	"ba5eda7a-def5-0000-0000-000000000000",
	'',
	1,
	'',
	0);
INSERT INTO S_BPARM
	VALUES ("66ca4516-b1d0-422d-b2bf-8c755c69aa88",
	"a0b0b937-53b7-40b4-89c8-2bf8c608949f",
	'message',
	"ba5eda7a-def5-0000-0000-000000000004",
	0,
	'',
	"00000000-0000-0000-0000-000000000000",
	'');
INSERT INTO ACT_BRB
	VALUES ("7de10872-cff2-4cde-a4c7-e395822e2fff",
	"a0b0b937-53b7-40b4-89c8-2bf8c608949f");
INSERT INTO ACT_ACT
	VALUES ("7de10872-cff2-4cde-a4c7-e395822e2fff",
	'bridge',
	0,
	"83bbc631-fcf0-4b3b-8317-027df2ceda8a",
	"00000000-0000-0000-0000-000000000000",
	0,
	'Logging::LogInfo',
	"00000000-0000-0000-0000-000000000000");
INSERT INTO ACT_BLK
	VALUES ("83bbc631-fcf0-4b3b-8317-027df2ceda8a",
	0,
	0,
	0,
	'',
	'',
	'',
	0,
	0,
	0,
	0,
	0,
	0,
	0,
	0,
	0,
	0,
	0,
	0,
	0,
	"7de10872-cff2-4cde-a4c7-e395822e2fff",
	"00000000-0000-0000-0000-000000000000");
INSERT INTO S_BRG
	VALUES ("3fee812c-4e00-4398-95c9-395550a90af4",
	"5224db1c-0a9d-485f-9185-327a23a0eb32",
	'LogDate',
	'',
	0,
	"ba5eda7a-def5-0000-0000-000000000000",
	'',
	1,
	'',
	0);
INSERT INTO S_BPARM
	VALUES ("4f0dd5aa-44ab-485b-a8b8-51ac5cd62e41",
	"3fee812c-4e00-4398-95c9-395550a90af4",
	'd',
	"ba5eda7a-def5-0000-0000-00000000000e",
	0,
	'',
	"00000000-0000-0000-0000-000000000000",
	'');
INSERT INTO S_BPARM
	VALUES ("a16c45e2-2d72-4aa1-a560-6bb42f1b4ce7",
	"3fee812c-4e00-4398-95c9-395550a90af4",
	'message',
	"ba5eda7a-def5-0000-0000-000000000004",
	0,
	'',
	"4f0dd5aa-44ab-485b-a8b8-51ac5cd62e41",
	'');
INSERT INTO ACT_BRB
	VALUES ("fd69dab6-3fcb-4ae6-a352-b6f2f0a40f09",
	"3fee812c-4e00-4398-95c9-395550a90af4");
INSERT INTO ACT_ACT
	VALUES ("fd69dab6-3fcb-4ae6-a352-b6f2f0a40f09",
	'bridge',
	0,
	"d2e9ff93-cc8d-4bd5-803b-d58424eacbf8",
	"00000000-0000-0000-0000-000000000000",
	0,
	'Logging::LogDate',
	"00000000-0000-0000-0000-000000000000");
INSERT INTO ACT_BLK
	VALUES ("d2e9ff93-cc8d-4bd5-803b-d58424eacbf8",
	0,
	0,
	0,
	'',
	'',
	'',
	0,
	0,
	0,
	0,
	0,
	0,
	0,
	0,
	0,
	0,
	0,
	0,
	0,
	"fd69dab6-3fcb-4ae6-a352-b6f2f0a40f09",
	"00000000-0000-0000-0000-000000000000");
INSERT INTO S_BRG
	VALUES ("364cfe1b-0070-4e2e-af3d-eebd5d30296d",
	"5224db1c-0a9d-485f-9185-327a23a0eb32",
	'LogTime',
	'',
	0,
	"ba5eda7a-def5-0000-0000-000000000000",
	'',
	1,
	'',
	0);
INSERT INTO S_BPARM
	VALUES ("34b611dc-bfbf-4c91-a054-68849674fbed",
	"364cfe1b-0070-4e2e-af3d-eebd5d30296d",
	't',
	"ba5eda7a-def5-0000-0000-000000000010",
	0,
	'',
	"4009c3eb-ab62-4768-9bbd-917a68a3ea34",
	'');
INSERT INTO S_BPARM
	VALUES ("4009c3eb-ab62-4768-9bbd-917a68a3ea34",
	"364cfe1b-0070-4e2e-af3d-eebd5d30296d",
	'message',
	"ba5eda7a-def5-0000-0000-000000000004",
	0,
	'',
	"00000000-0000-0000-0000-000000000000",
	'');
INSERT INTO ACT_BRB
	VALUES ("bbb42e28-ed8b-4e6a-aafc-adc499967aa5",
	"364cfe1b-0070-4e2e-af3d-eebd5d30296d");
INSERT INTO ACT_ACT
	VALUES ("bbb42e28-ed8b-4e6a-aafc-adc499967aa5",
	'bridge',
	0,
	"c6677b3c-47e7-4a3e-842c-d396de9d8b85",
	"00000000-0000-0000-0000-000000000000",
	0,
	'Logging::LogTime',
	"00000000-0000-0000-0000-000000000000");
INSERT INTO ACT_BLK
	VALUES ("c6677b3c-47e7-4a3e-842c-d396de9d8b85",
	0,
	0,
	0,
	'',
	'',
	'',
	0,
	0,
	0,
	0,
	0,
	0,
	0,
	0,
	0,
	0,
	0,
	0,
	0,
	"bbb42e28-ed8b-4e6a-aafc-adc499967aa5",
	"00000000-0000-0000-0000-000000000000");
INSERT INTO S_BRG
	VALUES ("d5920841-ef1d-4a05-b074-6b36f113965f",
	"5224db1c-0a9d-485f-9185-327a23a0eb32",
	'LogReal',
	'',
	0,
	"ba5eda7a-def5-0000-0000-000000000000",
	'',
	1,
	'',
	0);
INSERT INTO S_BPARM
	VALUES ("4e029f9e-f93c-4183-9229-272e2a560ffd",
	"d5920841-ef1d-4a05-b074-6b36f113965f",
	'r',
	"ba5eda7a-def5-0000-0000-000000000003",
	0,
	'',
	"7bb45f20-f309-4922-a38b-7c8398e9b872",
	'');
INSERT INTO S_BPARM
	VALUES ("7bb45f20-f309-4922-a38b-7c8398e9b872",
	"d5920841-ef1d-4a05-b074-6b36f113965f",
	'message',
	"ba5eda7a-def5-0000-0000-000000000004",
	0,
	'',
	"00000000-0000-0000-0000-000000000000",
	'');
INSERT INTO ACT_BRB
	VALUES ("bb69df2e-a61d-4114-ad7c-f41d5e8929eb",
	"d5920841-ef1d-4a05-b074-6b36f113965f");
INSERT INTO ACT_ACT
	VALUES ("bb69df2e-a61d-4114-ad7c-f41d5e8929eb",
	'bridge',
	0,
	"256c5236-58b5-4a08-918d-70ca80821895",
	"00000000-0000-0000-0000-000000000000",
	0,
	'Logging::LogReal',
	"00000000-0000-0000-0000-000000000000");
INSERT INTO ACT_BLK
	VALUES ("256c5236-58b5-4a08-918d-70ca80821895",
	0,
	0,
	0,
	'',
	'',
	'',
	0,
	0,
	0,
	0,
	0,
	0,
	0,
	0,
	0,
	0,
	0,
	0,
	0,
	"bb69df2e-a61d-4114-ad7c-f41d5e8929eb",
	"00000000-0000-0000-0000-000000000000");
INSERT INTO S_BRG
	VALUES ("82c62cac-c908-4fd0-9066-e0e6fd0e5299",
	"5224db1c-0a9d-485f-9185-327a23a0eb32",
	'LogInteger',
	'',
	0,
	"ba5eda7a-def5-0000-0000-000000000000",
	'',
	1,
	'',
	0);
INSERT INTO S_BPARM
	VALUES ("554c77f3-bf30-469a-8cea-d75f6c149749",
	"82c62cac-c908-4fd0-9066-e0e6fd0e5299",
	'message',
	"ba5eda7a-def5-0000-0000-000000000002",
	0,
	'',
	"00000000-0000-0000-0000-000000000000",
	'');
INSERT INTO ACT_BRB
	VALUES ("406de106-b3ee-4289-ba50-1ae4ce08cf3d",
	"82c62cac-c908-4fd0-9066-e0e6fd0e5299");
INSERT INTO ACT_ACT
	VALUES ("406de106-b3ee-4289-ba50-1ae4ce08cf3d",
	'bridge',
	0,
	"e91cbbdc-4ec0-49e7-9808-f930799a3eea",
	"00000000-0000-0000-0000-000000000000",
	0,
	'Logging::LogInteger',
	"00000000-0000-0000-0000-000000000000");
INSERT INTO ACT_BLK
	VALUES ("e91cbbdc-4ec0-49e7-9808-f930799a3eea",
	0,
	0,
	0,
	'',
	'',
	'',
	0,
	0,
	0,
	0,
	0,
	0,
	0,
	0,
	0,
	0,
	0,
	0,
	0,
	"406de106-b3ee-4289-ba50-1ae4ce08cf3d",
	"00000000-0000-0000-0000-000000000000");
INSERT INTO PE_PE
	VALUES ("03331696-ebdc-434e-973d-0f60d7666160",
	1,
	"6f9f9af0-2a79-4330-8ed1-c98f678c273e",
	"00000000-0000-0000-0000-000000000000",
	5);
INSERT INTO S_EE
	VALUES ("03331696-ebdc-434e-973d-0f60d7666160",
	'Time',
	'The Time external entity provides date, timestamp, and timer related operations.',
	'TIM',
	"00000000-0000-0000-0000-000000000000",
	'',
	'Time',
	1);
INSERT INTO S_BRG
	VALUES ("e1d763b0-3b91-493c-98bc-d131c3708387",
	"03331696-ebdc-434e-973d-0f60d7666160",
	'current_date',
	'',
	1,
	"ba5eda7a-def5-0000-0000-00000000000e",
	'',
	1,
	'',
	0);
INSERT INTO ACT_BRB
	VALUES ("86890f4f-c47a-4a02-babc-fd83b67e7dfc",
	"e1d763b0-3b91-493c-98bc-d131c3708387");
INSERT INTO ACT_ACT
	VALUES ("86890f4f-c47a-4a02-babc-fd83b67e7dfc",
	'bridge',
	0,
	"506049ca-b22d-4ea8-89ea-97402dd33e73",
	"00000000-0000-0000-0000-000000000000",
	0,
	'Time::current_date',
	"00000000-0000-0000-0000-000000000000");
INSERT INTO ACT_BLK
	VALUES ("506049ca-b22d-4ea8-89ea-97402dd33e73",
	0,
	0,
	0,
	'',
	'',
	'',
	0,
	0,
	0,
	0,
	0,
	0,
	0,
	0,
	0,
	0,
	0,
	0,
	0,
	"86890f4f-c47a-4a02-babc-fd83b67e7dfc",
	"00000000-0000-0000-0000-000000000000");
INSERT INTO S_BRG
	VALUES ("c87267fa-2266-4da2-a412-c9b8f1fa3cd9",
	"03331696-ebdc-434e-973d-0f60d7666160",
	'create_date',
	'',
	1,
	"ba5eda7a-def5-0000-0000-00000000000e",
	'',
	1,
	'',
	0);
INSERT INTO S_BPARM
	VALUES ("12d22365-5bf4-4717-97a7-a81d79d0db15",
	"c87267fa-2266-4da2-a412-c9b8f1fa3cd9",
	'second',
	"ba5eda7a-def5-0000-0000-000000000002",
	0,
	'',
	"6da477fb-b65b-48ee-9496-23c693565249",
	'');
INSERT INTO S_BPARM
	VALUES ("776f5edb-6d30-4ea0-b9ec-e6031a31f859",
	"c87267fa-2266-4da2-a412-c9b8f1fa3cd9",
	'minute',
	"ba5eda7a-def5-0000-0000-000000000002",
	0,
	'',
	"d2c96e1a-18e7-4886-9314-69d05ecbc71f",
	'');
INSERT INTO S_BPARM
	VALUES ("d2c96e1a-18e7-4886-9314-69d05ecbc71f",
	"c87267fa-2266-4da2-a412-c9b8f1fa3cd9",
	'hour',
	"ba5eda7a-def5-0000-0000-000000000002",
	0,
	'',
	"aaa91f06-e33a-4c84-bf9b-84f8f4a806c3",
	'');
INSERT INTO S_BPARM
	VALUES ("aaa91f06-e33a-4c84-bf9b-84f8f4a806c3",
	"c87267fa-2266-4da2-a412-c9b8f1fa3cd9",
	'day',
	"ba5eda7a-def5-0000-0000-000000000002",
	0,
	'',
	"00000000-0000-0000-0000-000000000000",
	'');
INSERT INTO S_BPARM
	VALUES ("6da477fb-b65b-48ee-9496-23c693565249",
	"c87267fa-2266-4da2-a412-c9b8f1fa3cd9",
	'month',
	"ba5eda7a-def5-0000-0000-000000000002",
	0,
	'',
	"776f5edb-6d30-4ea0-b9ec-e6031a31f859",
	'');
INSERT INTO S_BPARM
	VALUES ("e06d195c-7a8b-45ed-810b-35fe64d33687",
	"c87267fa-2266-4da2-a412-c9b8f1fa3cd9",
	'year',
	"ba5eda7a-def5-0000-0000-000000000002",
	0,
	'',
	"12d22365-5bf4-4717-97a7-a81d79d0db15",
	'');
INSERT INTO ACT_BRB
	VALUES ("6c29307d-fd22-4ba3-992b-45005881117d",
	"c87267fa-2266-4da2-a412-c9b8f1fa3cd9");
INSERT INTO ACT_ACT
	VALUES ("6c29307d-fd22-4ba3-992b-45005881117d",
	'bridge',
	0,
	"4c42229a-a6ab-4183-84da-f50cef3206f0",
	"00000000-0000-0000-0000-000000000000",
	0,
	'Time::create_date',
	"00000000-0000-0000-0000-000000000000");
INSERT INTO ACT_BLK
	VALUES ("4c42229a-a6ab-4183-84da-f50cef3206f0",
	0,
	0,
	0,
	'',
	'',
	'',
	0,
	0,
	0,
	0,
	0,
	0,
	0,
	0,
	0,
	0,
	0,
	0,
	0,
	"6c29307d-fd22-4ba3-992b-45005881117d",
	"00000000-0000-0000-0000-000000000000");
INSERT INTO S_BRG
	VALUES ("9f44a253-8190-4c96-87ba-b614c147b380",
	"03331696-ebdc-434e-973d-0f60d7666160",
	'get_second',
	'',
	1,
	"ba5eda7a-def5-0000-0000-000000000002",
	'',
	1,
	'',
	0);
INSERT INTO S_BPARM
	VALUES ("c08626d4-a8d7-4508-ac8b-6c816d74e819",
	"9f44a253-8190-4c96-87ba-b614c147b380",
	'date',
	"ba5eda7a-def5-0000-0000-00000000000e",
	0,
	'',
	"00000000-0000-0000-0000-000000000000",
	'');
INSERT INTO ACT_BRB
	VALUES ("dc39672f-5943-4f39-b58a-1db104989799",
	"9f44a253-8190-4c96-87ba-b614c147b380");
INSERT INTO ACT_ACT
	VALUES ("dc39672f-5943-4f39-b58a-1db104989799",
	'bridge',
	0,
	"aa844d6d-3d99-4fd4-9149-80b35dd2bf7b",
	"00000000-0000-0000-0000-000000000000",
	0,
	'Time::get_second',
	"00000000-0000-0000-0000-000000000000");
INSERT INTO ACT_BLK
	VALUES ("aa844d6d-3d99-4fd4-9149-80b35dd2bf7b",
	0,
	0,
	0,
	'',
	'',
	'',
	0,
	0,
	0,
	0,
	0,
	0,
	0,
	0,
	0,
	0,
	0,
	0,
	0,
	"dc39672f-5943-4f39-b58a-1db104989799",
	"00000000-0000-0000-0000-000000000000");
INSERT INTO S_BRG
	VALUES ("f28f2cc9-b8a7-431c-95c8-496a33684907",
	"03331696-ebdc-434e-973d-0f60d7666160",
	'get_minute',
	'',
	1,
	"ba5eda7a-def5-0000-0000-000000000002",
	'',
	1,
	'',
	0);
INSERT INTO S_BPARM
	VALUES ("bc823ae8-3901-4111-965d-8b072ff598cf",
	"f28f2cc9-b8a7-431c-95c8-496a33684907",
	'date',
	"ba5eda7a-def5-0000-0000-00000000000e",
	0,
	'',
	"00000000-0000-0000-0000-000000000000",
	'');
INSERT INTO ACT_BRB
	VALUES ("bbb28b99-4144-4ef1-afa7-52e01ac4dd0d",
	"f28f2cc9-b8a7-431c-95c8-496a33684907");
INSERT INTO ACT_ACT
	VALUES ("bbb28b99-4144-4ef1-afa7-52e01ac4dd0d",
	'bridge',
	0,
	"d9cbb61f-ffd6-4262-b96f-569f763b9a89",
	"00000000-0000-0000-0000-000000000000",
	0,
	'Time::get_minute',
	"00000000-0000-0000-0000-000000000000");
INSERT INTO ACT_BLK
	VALUES ("d9cbb61f-ffd6-4262-b96f-569f763b9a89",
	0,
	0,
	0,
	'',
	'',
	'',
	0,
	0,
	0,
	0,
	0,
	0,
	0,
	0,
	0,
	0,
	0,
	0,
	0,
	"bbb28b99-4144-4ef1-afa7-52e01ac4dd0d",
	"00000000-0000-0000-0000-000000000000");
INSERT INTO S_BRG
	VALUES ("2a93c98d-b101-4190-8b78-ead00058c3fa",
	"03331696-ebdc-434e-973d-0f60d7666160",
	'get_hour',
	'',
	1,
	"ba5eda7a-def5-0000-0000-000000000002",
	'',
	1,
	'',
	0);
INSERT INTO S_BPARM
	VALUES ("d842738e-0675-4710-954e-07f61285339a",
	"2a93c98d-b101-4190-8b78-ead00058c3fa",
	'date',
	"ba5eda7a-def5-0000-0000-00000000000e",
	0,
	'',
	"00000000-0000-0000-0000-000000000000",
	'');
INSERT INTO ACT_BRB
	VALUES ("ae631bd3-f031-4082-81b5-14792b9ce889",
	"2a93c98d-b101-4190-8b78-ead00058c3fa");
INSERT INTO ACT_ACT
	VALUES ("ae631bd3-f031-4082-81b5-14792b9ce889",
	'bridge',
	0,
	"59f6431d-183e-41eb-bc9c-40ceede60643",
	"00000000-0000-0000-0000-000000000000",
	0,
	'Time::get_hour',
	"00000000-0000-0000-0000-000000000000");
INSERT INTO ACT_BLK
	VALUES ("59f6431d-183e-41eb-bc9c-40ceede60643",
	0,
	0,
	0,
	'',
	'',
	'',
	0,
	0,
	0,
	0,
	0,
	0,
	0,
	0,
	0,
	0,
	0,
	0,
	0,
	"ae631bd3-f031-4082-81b5-14792b9ce889",
	"00000000-0000-0000-0000-000000000000");
INSERT INTO S_BRG
	VALUES ("fec5a8df-46ef-4cd7-a30b-321bead1f389",
	"03331696-ebdc-434e-973d-0f60d7666160",
	'get_day',
	'',
	1,
	"ba5eda7a-def5-0000-0000-000000000002",
	'',
	1,
	'',
	0);
INSERT INTO S_BPARM
	VALUES ("2a5b7df8-451c-470c-8460-cdc03df92a94",
	"fec5a8df-46ef-4cd7-a30b-321bead1f389",
	'date',
	"ba5eda7a-def5-0000-0000-00000000000e",
	0,
	'',
	"00000000-0000-0000-0000-000000000000",
	'');
INSERT INTO ACT_BRB
	VALUES ("8d6f581d-0cbf-402b-90eb-535c5c36a076",
	"fec5a8df-46ef-4cd7-a30b-321bead1f389");
INSERT INTO ACT_ACT
	VALUES ("8d6f581d-0cbf-402b-90eb-535c5c36a076",
	'bridge',
	0,
	"a37bdc9e-978c-45d5-9e30-946d73613abd",
	"00000000-0000-0000-0000-000000000000",
	0,
	'Time::get_day',
	"00000000-0000-0000-0000-000000000000");
INSERT INTO ACT_BLK
	VALUES ("a37bdc9e-978c-45d5-9e30-946d73613abd",
	0,
	0,
	0,
	'',
	'',
	'',
	0,
	0,
	0,
	0,
	0,
	0,
	0,
	0,
	0,
	0,
	0,
	0,
	0,
	"8d6f581d-0cbf-402b-90eb-535c5c36a076",
	"00000000-0000-0000-0000-000000000000");
INSERT INTO S_BRG
	VALUES ("a7e3be05-774a-41d7-9508-b77effd9fd58",
	"03331696-ebdc-434e-973d-0f60d7666160",
	'get_month',
	'',
	1,
	"ba5eda7a-def5-0000-0000-000000000002",
	'',
	1,
	'',
	0);
INSERT INTO S_BPARM
	VALUES ("0e7a1ccd-772a-48ac-ab34-7c253da9aa06",
	"a7e3be05-774a-41d7-9508-b77effd9fd58",
	'date',
	"ba5eda7a-def5-0000-0000-00000000000e",
	0,
	'',
	"00000000-0000-0000-0000-000000000000",
	'');
INSERT INTO ACT_BRB
	VALUES ("7467cd0e-7622-45f7-a6a9-20d03efa834d",
	"a7e3be05-774a-41d7-9508-b77effd9fd58");
INSERT INTO ACT_ACT
	VALUES ("7467cd0e-7622-45f7-a6a9-20d03efa834d",
	'bridge',
	0,
	"90ea2152-8430-45d9-ae45-28984827fd68",
	"00000000-0000-0000-0000-000000000000",
	0,
	'Time::get_month',
	"00000000-0000-0000-0000-000000000000");
INSERT INTO ACT_BLK
	VALUES ("90ea2152-8430-45d9-ae45-28984827fd68",
	0,
	0,
	0,
	'',
	'',
	'',
	0,
	0,
	0,
	0,
	0,
	0,
	0,
	0,
	0,
	0,
	0,
	0,
	0,
	"7467cd0e-7622-45f7-a6a9-20d03efa834d",
	"00000000-0000-0000-0000-000000000000");
INSERT INTO S_BRG
	VALUES ("ff1496f5-6e90-4158-a117-a893ccfd82bb",
	"03331696-ebdc-434e-973d-0f60d7666160",
	'get_year',
	'',
	1,
	"ba5eda7a-def5-0000-0000-000000000002",
	'',
	1,
	'',
	0);
INSERT INTO S_BPARM
	VALUES ("b1487e1f-6724-41cf-9ca9-c76d8cb01d87",
	"ff1496f5-6e90-4158-a117-a893ccfd82bb",
	'date',
	"ba5eda7a-def5-0000-0000-00000000000e",
	0,
	'',
	"00000000-0000-0000-0000-000000000000",
	'');
INSERT INTO ACT_BRB
	VALUES ("dcb06010-7679-4bda-9432-0a8c215baaf3",
	"ff1496f5-6e90-4158-a117-a893ccfd82bb");
INSERT INTO ACT_ACT
	VALUES ("dcb06010-7679-4bda-9432-0a8c215baaf3",
	'bridge',
	0,
	"c07e9391-8971-433f-a65c-5e698f5e1ff9",
	"00000000-0000-0000-0000-000000000000",
	0,
	'Time::get_year',
	"00000000-0000-0000-0000-000000000000");
INSERT INTO ACT_BLK
	VALUES ("c07e9391-8971-433f-a65c-5e698f5e1ff9",
	0,
	0,
	0,
	'',
	'',
	'',
	0,
	0,
	0,
	0,
	0,
	0,
	0,
	0,
	0,
	0,
	0,
	0,
	0,
	"dcb06010-7679-4bda-9432-0a8c215baaf3",
	"00000000-0000-0000-0000-000000000000");
INSERT INTO S_BRG
	VALUES ("aa8e6463-e3d2-4b31-9c32-cd168f97b341",
	"03331696-ebdc-434e-973d-0f60d7666160",
	'current_clock',
	'',
	1,
	"ba5eda7a-def5-0000-0000-000000000010",
	'',
	1,
	'',
	0);
INSERT INTO ACT_BRB
	VALUES ("2207c37b-6cc0-4b10-af62-d84646fa2f29",
	"aa8e6463-e3d2-4b31-9c32-cd168f97b341");
INSERT INTO ACT_ACT
	VALUES ("2207c37b-6cc0-4b10-af62-d84646fa2f29",
	'bridge',
	0,
	"8681b3ed-e169-4b60-8e03-2e5b0ece77c4",
	"00000000-0000-0000-0000-000000000000",
	0,
	'Time::current_clock',
	"00000000-0000-0000-0000-000000000000");
INSERT INTO ACT_BLK
	VALUES ("8681b3ed-e169-4b60-8e03-2e5b0ece77c4",
	0,
	0,
	0,
	'',
	'',
	'',
	0,
	0,
	0,
	0,
	0,
	0,
	0,
	0,
	0,
	0,
	0,
	0,
	0,
	"2207c37b-6cc0-4b10-af62-d84646fa2f29",
	"00000000-0000-0000-0000-000000000000");
INSERT INTO S_BRG
	VALUES ("57fca451-e653-46f6-840e-dde19dad3d53",
	"03331696-ebdc-434e-973d-0f60d7666160",
	'timer_start',
	'This bridge operation starts a timer set to expire in the specified number of
microseconds, generating the passed event upon expiration. Returns the instance
handle of the timer.',
	1,
	"ba5eda7a-def5-0000-0000-00000000000f",
	'',
	1,
	'',
	0);
INSERT INTO S_BPARM
	VALUES ("ed193146-9a16-466f-8629-bc811803e60c",
	"57fca451-e653-46f6-840e-dde19dad3d53",
	'microseconds',
	"ba5eda7a-def5-0000-0000-000000000002",
	0,
	'',
	"c27940e1-3fe9-477f-849d-dd0c851e5326",
	'');
INSERT INTO S_BPARM
	VALUES ("c27940e1-3fe9-477f-849d-dd0c851e5326",
	"57fca451-e653-46f6-840e-dde19dad3d53",
	'event_inst',
	"ba5eda7a-def5-0000-0000-00000000000a",
	0,
	'',
	"00000000-0000-0000-0000-000000000000",
	'');
INSERT INTO ACT_BRB
	VALUES ("04320cd7-4353-4623-8041-780b1cb7aa09",
	"57fca451-e653-46f6-840e-dde19dad3d53");
INSERT INTO ACT_ACT
	VALUES ("04320cd7-4353-4623-8041-780b1cb7aa09",
	'bridge',
	0,
	"20ea71ea-b00b-4613-a894-aba466fff687",
	"00000000-0000-0000-0000-000000000000",
	0,
	'Time::timer_start',
	"00000000-0000-0000-0000-000000000000");
INSERT INTO ACT_BLK
	VALUES ("20ea71ea-b00b-4613-a894-aba466fff687",
	0,
	0,
	0,
	'',
	'',
	'',
	0,
	0,
	0,
	0,
	0,
	0,
	0,
	0,
	0,
	0,
	0,
	0,
	0,
	"04320cd7-4353-4623-8041-780b1cb7aa09",
	"00000000-0000-0000-0000-000000000000");
INSERT INTO S_BRG
	VALUES ("94858010-4b93-4fb4-8c49-7de54f9f0aa9",
	"03331696-ebdc-434e-973d-0f60d7666160",
	'timer_start_recurring',
	'This bridge operation starts a timer set to expire in the specified number of
microseconds, generating the passed event upon expiration. Upon expiration, the
timer will be restarted and fire again in the specified number of microseconds
generating the passed event. This bridge operation returns the instance handle
of the timer.',
	1,
	"ba5eda7a-def5-0000-0000-00000000000f",
	'',
	1,
	'',
	0);
INSERT INTO S_BPARM
	VALUES ("8ead6d97-5910-40b1-a42f-d58deb9d2793",
	"94858010-4b93-4fb4-8c49-7de54f9f0aa9",
	'microseconds',
	"ba5eda7a-def5-0000-0000-000000000002",
	0,
	'',
	"a87e565f-05c4-4882-b103-0eaa781da291",
	'');
INSERT INTO S_BPARM
	VALUES ("a87e565f-05c4-4882-b103-0eaa781da291",
	"94858010-4b93-4fb4-8c49-7de54f9f0aa9",
	'event_inst',
	"ba5eda7a-def5-0000-0000-00000000000a",
	0,
	'',
	"00000000-0000-0000-0000-000000000000",
	'');
INSERT INTO ACT_BRB
	VALUES ("f01b6c85-bce4-4fdf-9d91-ffb375cf61b0",
	"94858010-4b93-4fb4-8c49-7de54f9f0aa9");
INSERT INTO ACT_ACT
	VALUES ("f01b6c85-bce4-4fdf-9d91-ffb375cf61b0",
	'bridge',
	0,
	"fc227a90-b6cb-4b83-bbc6-91c07448bce5",
	"00000000-0000-0000-0000-000000000000",
	0,
	'Time::timer_start_recurring',
	"00000000-0000-0000-0000-000000000000");
INSERT INTO ACT_BLK
	VALUES ("fc227a90-b6cb-4b83-bbc6-91c07448bce5",
	0,
	0,
	0,
	'',
	'',
	'',
	0,
	0,
	0,
	0,
	0,
	0,
	0,
	0,
	0,
	0,
	0,
	0,
	0,
	"f01b6c85-bce4-4fdf-9d91-ffb375cf61b0",
	"00000000-0000-0000-0000-000000000000");
INSERT INTO S_BRG
	VALUES ("76c15c53-eca4-4e7f-84eb-97b0d621a428",
	"03331696-ebdc-434e-973d-0f60d7666160",
	'timer_remaining_time',
	'Returns the time remaining (in microseconds) for the passed timer instance. If
the timer has expired, a zero value is returned.',
	1,
	"ba5eda7a-def5-0000-0000-000000000002",
	'',
	1,
	'',
	0);
INSERT INTO S_BPARM
	VALUES ("f9f56b76-e638-43ee-bfd5-f33b94da563e",
	"76c15c53-eca4-4e7f-84eb-97b0d621a428",
	'timer_inst_ref',
	"ba5eda7a-def5-0000-0000-00000000000f",
	0,
	'',
	"00000000-0000-0000-0000-000000000000",
	'');
INSERT INTO ACT_BRB
	VALUES ("0efbabf0-2678-4cd3-94c3-943b3dfa85f6",
	"76c15c53-eca4-4e7f-84eb-97b0d621a428");
INSERT INTO ACT_ACT
	VALUES ("0efbabf0-2678-4cd3-94c3-943b3dfa85f6",
	'bridge',
	0,
	"4c9e026b-652e-444a-ae3f-cd5a2a46b37c",
	"00000000-0000-0000-0000-000000000000",
	0,
	'Time::timer_remaining_time',
	"00000000-0000-0000-0000-000000000000");
INSERT INTO ACT_BLK
	VALUES ("4c9e026b-652e-444a-ae3f-cd5a2a46b37c",
	0,
	0,
	0,
	'',
	'',
	'',
	0,
	0,
	0,
	0,
	0,
	0,
	0,
	0,
	0,
	0,
	0,
	0,
	0,
	"0efbabf0-2678-4cd3-94c3-943b3dfa85f6",
	"00000000-0000-0000-0000-000000000000");
INSERT INTO S_BRG
	VALUES ("95da99d8-1959-41fd-b78e-9ade1b5b6502",
	"03331696-ebdc-434e-973d-0f60d7666160",
	'timer_reset_time',
	'This bridge operation attempts to set the passed existing timer to expire in
the specified number of microseconds. If the timer exists (that is, it has not
expired), a TRUE value is returned. If the timer no longer exists, a FALSE value
is returned.',
	1,
	"ba5eda7a-def5-0000-0000-000000000001",
	'',
	1,
	'',
	0);
INSERT INTO S_BPARM
	VALUES ("2cf6927c-718c-4487-811a-384483ec72d0",
	"95da99d8-1959-41fd-b78e-9ade1b5b6502",
	'timer_inst_ref',
	"ba5eda7a-def5-0000-0000-00000000000f",
	0,
	'',
	"4be33a65-2fb9-4fcd-91a5-a39e8501c202",
	'');
INSERT INTO S_BPARM
	VALUES ("4be33a65-2fb9-4fcd-91a5-a39e8501c202",
	"95da99d8-1959-41fd-b78e-9ade1b5b6502",
	'microseconds',
	"ba5eda7a-def5-0000-0000-000000000002",
	0,
	'',
	"00000000-0000-0000-0000-000000000000",
	'');
INSERT INTO ACT_BRB
	VALUES ("52e33c51-d34e-42c8-9a58-1c317807967c",
	"95da99d8-1959-41fd-b78e-9ade1b5b6502");
INSERT INTO ACT_ACT
	VALUES ("52e33c51-d34e-42c8-9a58-1c317807967c",
	'bridge',
	0,
	"f7bd633d-c1f0-41f7-b4d1-d365c730def9",
	"00000000-0000-0000-0000-000000000000",
	0,
	'Time::timer_reset_time',
	"00000000-0000-0000-0000-000000000000");
INSERT INTO ACT_BLK
	VALUES ("f7bd633d-c1f0-41f7-b4d1-d365c730def9",
	0,
	0,
	0,
	'',
	'',
	'',
	0,
	0,
	0,
	0,
	0,
	0,
	0,
	0,
	0,
	0,
	0,
	0,
	0,
	"52e33c51-d34e-42c8-9a58-1c317807967c",
	"00000000-0000-0000-0000-000000000000");
INSERT INTO S_BRG
	VALUES ("70fa3fad-68a6-4e38-85c7-cca4fef190a2",
	"03331696-ebdc-434e-973d-0f60d7666160",
	'timer_add_time',
	'This bridge operation attempts to add the specified number of microseconds to a
passed existing timer. If the timer exists (that is, it has not expired), a TRUE
value is returned. If the timer no longer exists, a FALSE value is returned.',
	1,
	"ba5eda7a-def5-0000-0000-000000000001",
	'',
	1,
	'',
	0);
INSERT INTO S_BPARM
	VALUES ("0b56acf3-522f-4500-9244-f4905247ca19",
	"70fa3fad-68a6-4e38-85c7-cca4fef190a2",
	'timer_inst_ref',
	"ba5eda7a-def5-0000-0000-00000000000f",
	0,
	'',
	"67eed094-4445-41fd-a895-9a7268c81739",
	'');
INSERT INTO S_BPARM
	VALUES ("67eed094-4445-41fd-a895-9a7268c81739",
	"70fa3fad-68a6-4e38-85c7-cca4fef190a2",
	'microseconds',
	"ba5eda7a-def5-0000-0000-000000000002",
	0,
	'',
	"00000000-0000-0000-0000-000000000000",
	'');
INSERT INTO ACT_BRB
	VALUES ("38b56288-65f6-4000-aa3f-2af8cdfd8b6d",
	"70fa3fad-68a6-4e38-85c7-cca4fef190a2");
INSERT INTO ACT_ACT
	VALUES ("38b56288-65f6-4000-aa3f-2af8cdfd8b6d",
	'bridge',
	0,
	"bf7f7723-0cd4-4bdc-9415-5504b3765073",
	"00000000-0000-0000-0000-000000000000",
	0,
	'Time::timer_add_time',
	"00000000-0000-0000-0000-000000000000");
INSERT INTO ACT_BLK
	VALUES ("bf7f7723-0cd4-4bdc-9415-5504b3765073",
	0,
	0,
	0,
	'',
	'',
	'',
	0,
	0,
	0,
	0,
	0,
	0,
	0,
	0,
	0,
	0,
	0,
	0,
	0,
	"38b56288-65f6-4000-aa3f-2af8cdfd8b6d",
	"00000000-0000-0000-0000-000000000000");
INSERT INTO S_BRG
	VALUES ("2d6d00ff-c2f7-48a4-a727-3734eb1808ab",
	"03331696-ebdc-434e-973d-0f60d7666160",
	'timer_cancel',
	'This bridge operation cancels and deletes the passed timer instance. If the 
timer exists (that is, it had not expired), a TRUE value is returned. If the
timer no longer exists, a FALSE value is returned.',
	1,
	"ba5eda7a-def5-0000-0000-000000000001",
	'',
	1,
	'',
	0);
INSERT INTO S_BPARM
	VALUES ("78f3542e-ad6a-438a-867c-ddcafeaf4ba2",
	"2d6d00ff-c2f7-48a4-a727-3734eb1808ab",
	'timer_inst_ref',
	"ba5eda7a-def5-0000-0000-00000000000f",
	0,
	'',
	"00000000-0000-0000-0000-000000000000",
	'');
INSERT INTO ACT_BRB
	VALUES ("e3bde073-116b-4082-96c9-d72b7426320d",
	"2d6d00ff-c2f7-48a4-a727-3734eb1808ab");
INSERT INTO ACT_ACT
	VALUES ("e3bde073-116b-4082-96c9-d72b7426320d",
	'bridge',
	0,
	"44da3df2-61a4-4987-8f95-7a44f22dd8a0",
	"00000000-0000-0000-0000-000000000000",
	0,
	'Time::timer_cancel',
	"00000000-0000-0000-0000-000000000000");
INSERT INTO ACT_BLK
	VALUES ("44da3df2-61a4-4987-8f95-7a44f22dd8a0",
	0,
	0,
	0,
	'',
	'',
	'',
	0,
	0,
	0,
	0,
	0,
	0,
	0,
	0,
	0,
	0,
	0,
	0,
	0,
	"e3bde073-116b-4082-96c9-d72b7426320d",
	"00000000-0000-0000-0000-000000000000");
INSERT INTO PE_PE
	VALUES ("ed8c9df4-670e-4c1d-881f-24155dc8442e",
	1,
	"6f9f9af0-2a79-4330-8ed1-c98f678c273e",
	"00000000-0000-0000-0000-000000000000",
	5);
INSERT INTO S_EE
	VALUES ("ed8c9df4-670e-4c1d-881f-24155dc8442e",
	'Math',
	'',
	'MATH',
	"00000000-0000-0000-0000-000000000000",
	'',
	'Math',
	1);
INSERT INTO S_BRG
	VALUES ("f5e6904d-abda-49d7-8bbb-5a3ce9fcdbbb",
	"ed8c9df4-670e-4c1d-881f-24155dc8442e",
	'sqrt',
	'',
	0,
	"ba5eda7a-def5-0000-0000-000000000003",
	'',
	1,
	'',
	0);
INSERT INTO S_BPARM
	VALUES ("1e6065ce-46f3-482a-8dd3-7ac628829c16",
	"f5e6904d-abda-49d7-8bbb-5a3ce9fcdbbb",
	'x',
	"ba5eda7a-def5-0000-0000-000000000003",
	0,
	'',
	"00000000-0000-0000-0000-000000000000",
	'');
INSERT INTO ACT_BRB
	VALUES ("a806f7fc-6413-4e9c-84bf-2e10177b19fd",
	"f5e6904d-abda-49d7-8bbb-5a3ce9fcdbbb");
INSERT INTO ACT_ACT
	VALUES ("a806f7fc-6413-4e9c-84bf-2e10177b19fd",
	'bridge',
	0,
	"e4d67045-1e7c-46f0-8d18-e5921505e4a5",
	"00000000-0000-0000-0000-000000000000",
	0,
	'Math::sqrt',
	"00000000-0000-0000-0000-000000000000");
INSERT INTO ACT_BLK
	VALUES ("e4d67045-1e7c-46f0-8d18-e5921505e4a5",
	0,
	0,
	0,
	'',
	'',
	'',
	0,
	0,
	0,
	0,
	0,
	0,
	0,
	0,
	0,
	0,
	0,
	0,
	0,
	"a806f7fc-6413-4e9c-84bf-2e10177b19fd",
	"00000000-0000-0000-0000-000000000000");
INSERT INTO PE_PE
	VALUES ("971b7d1a-0ca1-497f-8e8a-62633bb47e19",
	1,
	"6f9f9af0-2a79-4330-8ed1-c98f678c273e",
	"00000000-0000-0000-0000-000000000000",
	5);
INSERT INTO S_EE
	VALUES ("971b7d1a-0ca1-497f-8e8a-62633bb47e19",
	'Ship',
	'',
	'Ship',
	"00000000-0000-0000-0000-000000000000",
	'',
	'Ship',
	1);
INSERT INTO S_BRG
	VALUES ("382bee55-5d14-4a66-bd2f-471ca771602b",
	"971b7d1a-0ca1-497f-8e8a-62633bb47e19",
	'send',
	'',
	0,
	"ba5eda7a-def5-0000-0000-000000000000",
	'',
	1,
	'',
	0);
INSERT INTO S_BPARM
	VALUES ("6dbf3e83-4e17-4ae2-bb59-b15d20854aac",
	"382bee55-5d14-4a66-bd2f-471ca771602b",
	'str',
	"ba5eda7a-def5-0000-0000-000000000004",
	0,
	'',
	"00000000-0000-0000-0000-000000000000",
	'');
INSERT INTO ACT_BRB
	VALUES ("c24d1dc5-6702-4033-a74f-3ab3caef59fa",
	"382bee55-5d14-4a66-bd2f-471ca771602b");
INSERT INTO ACT_ACT
	VALUES ("c24d1dc5-6702-4033-a74f-3ab3caef59fa",
	'bridge',
	0,
	"3963a926-ed9e-4354-8728-76bac515e9d3",
	"00000000-0000-0000-0000-000000000000",
	0,
	'Ship::send',
	"00000000-0000-0000-0000-000000000000");
INSERT INTO ACT_BLK
	VALUES ("3963a926-ed9e-4354-8728-76bac515e9d3",
	0,
	0,
	0,
	'',
	'',
	'',
	0,
	0,
	0,
	0,
	0,
	0,
	0,
	0,
	0,
	0,
	0,
	0,
	0,
	"c24d1dc5-6702-4033-a74f-3ab3caef59fa",
	"00000000-0000-0000-0000-000000000000");
INSERT INTO PE_PE
	VALUES ("ba5eda7a-def5-0000-0000-000000000000",
	1,
	"00000000-0000-0000-0000-000000000000",
	"00000000-0000-0000-0000-000000000000",
	3);
INSERT INTO S_DT
	VALUES ("ba5eda7a-def5-0000-0000-000000000000",
	"00000000-0000-0000-0000-000000000000",
	'void',
	'',
	'');
INSERT INTO S_CDT
	VALUES ("ba5eda7a-def5-0000-0000-000000000000",
	0);
INSERT INTO PE_PE
	VALUES ("ba5eda7a-def5-0000-0000-000000000001",
	1,
	"00000000-0000-0000-0000-000000000000",
	"00000000-0000-0000-0000-000000000000",
	3);
INSERT INTO S_DT
	VALUES ("ba5eda7a-def5-0000-0000-000000000001",
	"00000000-0000-0000-0000-000000000000",
	'boolean',
	'',
	'');
INSERT INTO S_CDT
	VALUES ("ba5eda7a-def5-0000-0000-000000000001",
	1);
INSERT INTO PE_PE
	VALUES ("ba5eda7a-def5-0000-0000-000000000002",
	1,
	"00000000-0000-0000-0000-000000000000",
	"00000000-0000-0000-0000-000000000000",
	3);
INSERT INTO S_DT
	VALUES ("ba5eda7a-def5-0000-0000-000000000002",
	"00000000-0000-0000-0000-000000000000",
	'integer',
	'',
	'');
INSERT INTO S_CDT
	VALUES ("ba5eda7a-def5-0000-0000-000000000002",
	2);
INSERT INTO PE_PE
	VALUES ("ba5eda7a-def5-0000-0000-000000000003",
	1,
	"00000000-0000-0000-0000-000000000000",
	"00000000-0000-0000-0000-000000000000",
	3);
INSERT INTO S_DT
	VALUES ("ba5eda7a-def5-0000-0000-000000000003",
	"00000000-0000-0000-0000-000000000000",
	'real',
	'',
	'');
INSERT INTO S_CDT
	VALUES ("ba5eda7a-def5-0000-0000-000000000003",
	3);
INSERT INTO PE_PE
	VALUES ("ba5eda7a-def5-0000-0000-000000000004",
	1,
	"00000000-0000-0000-0000-000000000000",
	"00000000-0000-0000-0000-000000000000",
	3);
INSERT INTO S_DT
	VALUES ("ba5eda7a-def5-0000-0000-000000000004",
	"00000000-0000-0000-0000-000000000000",
	'string',
	'',
	'');
INSERT INTO S_CDT
	VALUES ("ba5eda7a-def5-0000-0000-000000000004",
	4);
INSERT INTO PE_PE
	VALUES ("ba5eda7a-def5-0000-0000-000000000005",
	1,
	"00000000-0000-0000-0000-000000000000",
	"00000000-0000-0000-0000-000000000000",
	3);
INSERT INTO S_DT
	VALUES ("ba5eda7a-def5-0000-0000-000000000005",
	"00000000-0000-0000-0000-000000000000",
	'unique_id',
	'',
	'');
INSERT INTO S_CDT
	VALUES ("ba5eda7a-def5-0000-0000-000000000005",
	5);
INSERT INTO PE_PE
	VALUES ("ba5eda7a-def5-0000-0000-000000000006",
	1,
	"00000000-0000-0000-0000-000000000000",
	"00000000-0000-0000-0000-000000000000",
	3);
INSERT INTO S_DT
	VALUES ("ba5eda7a-def5-0000-0000-000000000006",
	"00000000-0000-0000-0000-000000000000",
	'state<State_Model>',
	'',
	'');
INSERT INTO S_CDT
	VALUES ("ba5eda7a-def5-0000-0000-000000000006",
	6);
INSERT INTO PE_PE
	VALUES ("ba5eda7a-def5-0000-0000-000000000007",
	1,
	"00000000-0000-0000-0000-000000000000",
	"00000000-0000-0000-0000-000000000000",
	3);
INSERT INTO S_DT
	VALUES ("ba5eda7a-def5-0000-0000-000000000007",
	"00000000-0000-0000-0000-000000000000",
	'same_as<Base_Attribute>',
	'',
	'');
INSERT INTO S_CDT
	VALUES ("ba5eda7a-def5-0000-0000-000000000007",
	7);
INSERT INTO PE_PE
	VALUES ("ba5eda7a-def5-0000-0000-000000000008",
	1,
	"00000000-0000-0000-0000-000000000000",
	"00000000-0000-0000-0000-000000000000",
	3);
INSERT INTO S_DT
	VALUES ("ba5eda7a-def5-0000-0000-000000000008",
	"00000000-0000-0000-0000-000000000000",
	'inst_ref<Object>',
	'',
	'');
INSERT INTO S_CDT
	VALUES ("ba5eda7a-def5-0000-0000-000000000008",
	8);
INSERT INTO PE_PE
	VALUES ("ba5eda7a-def5-0000-0000-000000000009",
	1,
	"00000000-0000-0000-0000-000000000000",
	"00000000-0000-0000-0000-000000000000",
	3);
INSERT INTO S_DT
	VALUES ("ba5eda7a-def5-0000-0000-000000000009",
	"00000000-0000-0000-0000-000000000000",
	'inst_ref_set<Object>',
	'',
	'');
INSERT INTO S_CDT
	VALUES ("ba5eda7a-def5-0000-0000-000000000009",
	9);
INSERT INTO PE_PE
	VALUES ("ba5eda7a-def5-0000-0000-00000000000a",
	1,
	"00000000-0000-0000-0000-000000000000",
	"00000000-0000-0000-0000-000000000000",
	3);
INSERT INTO S_DT
	VALUES ("ba5eda7a-def5-0000-0000-00000000000a",
	"00000000-0000-0000-0000-000000000000",
	'inst<Event>',
	'',
	'');
INSERT INTO S_CDT
	VALUES ("ba5eda7a-def5-0000-0000-00000000000a",
	10);
INSERT INTO PE_PE
	VALUES ("ba5eda7a-def5-0000-0000-00000000000b",
	1,
	"00000000-0000-0000-0000-000000000000",
	"00000000-0000-0000-0000-000000000000",
	3);
INSERT INTO S_DT
	VALUES ("ba5eda7a-def5-0000-0000-00000000000b",
	"00000000-0000-0000-0000-000000000000",
	'inst<Mapping>',
	'',
	'');
INSERT INTO S_CDT
	VALUES ("ba5eda7a-def5-0000-0000-00000000000b",
	11);
INSERT INTO PE_PE
	VALUES ("ba5eda7a-def5-0000-0000-00000000000c",
	1,
	"00000000-0000-0000-0000-000000000000",
	"00000000-0000-0000-0000-000000000000",
	3);
INSERT INTO S_DT
	VALUES ("ba5eda7a-def5-0000-0000-00000000000c",
	"00000000-0000-0000-0000-000000000000",
	'inst_ref<Mapping>',
	'',
	'');
INSERT INTO S_CDT
	VALUES ("ba5eda7a-def5-0000-0000-00000000000c",
	12);
INSERT INTO PE_PE
	VALUES ("ba5eda7a-def5-0000-0000-00000000000d",
	1,
	"00000000-0000-0000-0000-000000000000",
	"00000000-0000-0000-0000-000000000000",
	3);
INSERT INTO S_DT
	VALUES ("ba5eda7a-def5-0000-0000-00000000000d",
	"00000000-0000-0000-0000-000000000000",
	'component_ref',
	'',
	'');
INSERT INTO S_CDT
	VALUES ("ba5eda7a-def5-0000-0000-00000000000d",
	13);
INSERT INTO PE_PE
	VALUES ("ba5eda7a-def5-0000-0000-00000000000e",
	1,
	"00000000-0000-0000-0000-000000000000",
	"00000000-0000-0000-0000-000000000000",
	3);
INSERT INTO S_DT
	VALUES ("ba5eda7a-def5-0000-0000-00000000000e",
	"00000000-0000-0000-0000-000000000000",
	'date',
	'',
	'');
INSERT INTO S_UDT
	VALUES ("ba5eda7a-def5-0000-0000-00000000000e",
	"ba5eda7a-def5-0000-0000-00000000000b",
	1,
	'');
INSERT INTO PE_PE
	VALUES ("ba5eda7a-def5-0000-0000-00000000000f",
	1,
	"00000000-0000-0000-0000-000000000000",
	"00000000-0000-0000-0000-000000000000",
	3);
INSERT INTO S_DT
	VALUES ("ba5eda7a-def5-0000-0000-00000000000f",
	"00000000-0000-0000-0000-000000000000",
	'inst_ref<Timer>',
	'',
	'');
INSERT INTO S_UDT
	VALUES ("ba5eda7a-def5-0000-0000-00000000000f",
	"ba5eda7a-def5-0000-0000-00000000000c",
	3,
	'');
INSERT INTO PE_PE
	VALUES ("ba5eda7a-def5-0000-0000-000000000010",
	1,
	"00000000-0000-0000-0000-000000000000",
	"00000000-0000-0000-0000-000000000000",
	3);
INSERT INTO S_DT
	VALUES ("ba5eda7a-def5-0000-0000-000000000010",
	"00000000-0000-0000-0000-000000000000",
	'timestamp',
	'',
	'');
INSERT INTO S_UDT
	VALUES ("ba5eda7a-def5-0000-0000-000000000010",
	"ba5eda7a-def5-0000-0000-00000000000b",
	2,
	'');
